order_id,customer_id,product,category,region,quantity,sales,cost,order_date,profit,profit_margin
1,4617,Mouse,Accessories,West,3,44284,23325.97,2025-11-13,20958.03,47.32641586125914
2,2847,Keyboard,Accessories,South,5,17809,9160.54,2025-10-27,8648.46,48.56229996069403
3,2394,Laptop,Electronics,West,4,6333,4740.82,2025-07-27,1592.1800000000003,25.14100742144324
4,2217,Keyboard,Accessories,East,5,5607,3146.24,2025-11-30,2460.76,43.88728375245229
5,2183,Keyboard,Accessories,West,5,42666,36993.98,2025-11-15,5672.019999999997,13.29400459382177
6,3013,Keyboard,Accessories,South,2,37054,23370.36,2025-09-05,13683.64,36.92891455713283
7,3770,Laptop,Electronics,West,3,44486,30475.69,2025-10-12,14010.310000000001,31.49375084296183
8,3136,Printer,Office,South,2,38576,33977.74,2025-05-11,4598.260000000002,11.920002073828293
9,3335,Phone,Electronics,East,4,27565,16271.25,2025-10-08,11293.75,40.97134046798476
10,3457,Phone,Electronics,North,3,49977,43026.45,2026-01-13,6950.550000000003,13.907497448826467
11,2959,Laptop,Electronics,South,5,45934,31657.8,2025-11-17,14276.2,31.079810162406936
12,2257,Phone,Electronics,West,3,8867,7959.17,2026-01-11,907.8299999999999,10.238299312055938
13,1511,Mouse,Accessories,South,1,13557,7297.55,2026-01-01,6259.45,46.171350593789185
14,4465,Keyboard,Accessories,East,1,27969,15652.7,2025-11-01,12316.3,44.035539347134325
15,3319,Laptop,Electronics,North,2,34162,25674.56,2026-01-03,8487.439999999999,24.844681224752645
16,4431,Laptop,Electronics,South,4,35158,22490.45,2026-02-22,12667.55,36.0303487115308
17,1157,Monitor,Electronics,West,4,21866,13758.17,2026-01-15,8107.83,37.079621329918595
18,4397,Laptop,Electronics,East,4,32540,22860.89,2025-08-14,9679.11,29.745267363245237
19,2261,Phone,Electronics,North,3,10598,5850.85,2025-12-04,4747.15,44.79288545008492
20,1144,Printer,Office,South,5,2733,2361.32,2025-09-11,371.67999999999984,13.599707281375773
21,4945,Phone,Electronics,East,4,46573,29381.61,2025-11-01,17191.39,36.91278208404011
22,2633,Laptop,Electronics,West,3,9572,5024.5,2025-12-05,4547.5,47.508357709987465
23,2812,Phone,Electronics,South,2,4091,3279.29,2025-10-14,811.71,19.841359080909314
24,1180,Printer,Office,South,1,43959,30530.35,2025-12-31,13428.650000000001,30.548124388634868
25,1273,Mouse,Accessories,North,3,26002,23335.29,2025-06-28,2666.709999999999,10.255788016306434
26,4649,Laptop,Electronics,North,1,48099,39871.59,2025-11-05,8227.410000000003,17.105158111395255
27,1202,Monitor,Electronics,East,4,19909,16519.88,2026-03-20,3389.119999999999,17.023054899794058
28,3799,Keyboard,Accessories,North,1,2299,1493.77,2026-02-13,805.23,35.02522836015659
29,1075,Printer,Office,South,3,45360,23879.45,2026-01-26,21480.55,47.35570987654321
30,3776,Phone,Electronics,South,1,38126,25087.72,2025-11-08,13038.279999999999,34.19787021979751
31,1576,Monitor,Electronics,West,4,30050,23608.44,2025-10-09,6441.560000000001,21.43613976705491
32,2664,Phone,Electronics,East,3,12345,10569.26,2025-05-11,1775.7399999999998,14.384285135682461
33,3683,Laptop,Electronics,East,5,1950,1689.17,2025-08-18,260.8299999999999,13.375897435897432
34,1911,Monitor,Electronics,East,2,17929,9932.49,2025-08-06,7996.51,44.600981649841046
35,2516,Monitor,Electronics,West,5,8314,4550.47,2025-08-05,3763.5299999999997,45.26738032234785
36,4971,Laptop,Electronics,South,2,16101,13902.26,2025-08-01,2198.74,13.65592199242283
37,1717,Phone,Electronics,North,3,12394,10948.87,2026-02-27,1445.1299999999992,11.65991608842988
38,2387,Printer,Office,North,1,41294,28276.19,2026-04-19,13017.810000000001,31.524700925073862
39,2857,Keyboard,Accessories,North,4,5459,3077.73,2025-05-30,2381.27,43.6209928558344
40,3644,Laptop,Electronics,East,4,46144,40100.32,2025-09-28,6043.68,13.09743411927878
41,3687,Laptop,Electronics,North,3,26395,13825.44,2026-01-27,12569.56,47.62098882364084
42,1666,Mouse,Accessories,West,1,37998,30896.83,2025-10-16,7101.169999999998,18.68827306700352
43,4232,Monitor,Electronics,East,4,22281,17936.7,2025-06-07,4344.299999999999,19.49777837619496
44,1751,Mouse,Accessories,South,4,27390,16748.63,2026-02-07,10641.369999999999,38.85129609346477
45,3690,Keyboard,Accessories,South,4,26461,15435.4,2025-08-08,11025.6,41.667359510222596
46,4911,Keyboard,Accessories,South,4,23712,17229.59,2025-07-14,6482.41,27.33809885290148
47,4619,Phone,Electronics,East,1,43101,37621.72,2025-09-30,5479.279999999999,12.712651678615341
48,3607,Phone,Electronics,North,2,29761,22386.07,2025-07-08,7374.93,24.780518127751083
49,4279,Laptop,Electronics,South,5,10790,8104.4,2026-01-19,2685.6000000000004,24.889712696941615
50,1747,Monitor,Electronics,North,3,4495,2709.91,2025-09-14,1785.0900000000001,39.71279199110123
51,1089,Monitor,Electronics,South,2,23365,20452.3,2026-03-19,2912.7000000000007,12.466081746201587
52,4299,Keyboard,Accessories,South,3,44387,28136.4,2025-07-10,16250.599999999999,36.61116993714376
53,1671,Printer,Office,West,5,43732,23096.78,2025-07-16,20635.22,47.18563065947133
54,3804,Laptop,Electronics,North,3,16349,11913.38,2025-07-14,4435.620000000001,27.13083369013396
55,3298,Laptop,Electronics,West,1,22335,11908.18,2025-07-10,10426.82,46.683769867920304
56,4356,Mouse,Accessories,West,5,7835,5401.12,2025-10-24,2433.88,31.06419910657307
57,4104,Printer,Office,West,5,24209,13870.65,2025-05-07,10338.35,42.70457267958198
58,3040,Keyboard,Accessories,South,4,12102,10223.18,2026-03-20,1878.8199999999997,15.524871921996361
59,2009,Monitor,Electronics,North,4,20277,10701.32,2025-11-11,9575.68,47.224342851506634
60,4271,Laptop,Electronics,West,5,19696,15555.16,2025-06-06,4140.84,21.023761169780666
61,1281,Mouse,Accessories,East,2,40659,25555.66,2025-10-17,15103.34,37.14636365872255
62,2078,Keyboard,Accessories,East,3,18867,9545.98,2025-07-23,9321.02,49.40382678751259
63,4343,Mouse,Accessories,West,4,2511,2142.81,2025-08-07,368.19000000000005,14.663082437275987
64,4941,Keyboard,Accessories,East,3,19415,11834.51,2025-07-07,7580.49,39.044501673963424
65,2896,Mouse,Accessories,South,2,47592,32262.95,2025-09-09,15329.05,32.20929988233316
66,2538,Phone,Electronics,East,4,22638,20278.43,2025-12-21,2359.5699999999997,10.423049739376268
67,1371,Mouse,Accessories,South,5,35588,31341.34,2025-09-21,4246.66,11.932842531190287
68,1080,Monitor,Electronics,North,1,40358,36294.04,2025-11-21,4063.959999999999,10.069775509192723
69,4935,Keyboard,Accessories,South,2,20585,11135.3,2025-11-09,9449.7,45.90575661889726
70,3307,Phone,Electronics,West,2,7729,5938.97,2025-11-26,1790.0299999999997,23.159917194979943
71,3379,Printer,Office,West,2,36637,23131.58,2025-09-29,13505.419999999998,36.86278898381417
72,2603,Laptop,Electronics,East,4,46491,24896.67,2026-03-24,21594.33,46.4484093695554
73,2189,Monitor,Electronics,South,2,18883,13327.5,2026-04-18,5555.5,29.420642906317852
74,4924,Printer,Office,East,3,29184,22876.58,2026-03-20,6307.419999999998,21.61259594298245
75,3638,Monitor,Electronics,East,3,13163,7888.73,2026-01-30,5274.27,40.06890526475728
76,4806,Monitor,Electronics,East,5,39435,33168.74,2025-06-26,6266.260000000002,15.890097629009766
77,1051,Monitor,Electronics,West,4,49666,32172.39,2025-08-01,17493.61,35.22250634236701
78,2004,Phone,Electronics,West,2,47707,39814.91,2026-03-12,7892.0899999999965,16.542834384891098
79,3013,Monitor,Electronics,East,4,32203,27765.89,2026-04-07,4437.110000000001,13.778561003633202
80,2145,Laptop,Electronics,West,3,5025,2988.96,2026-02-16,2036.04,40.518208955223876
81,4118,Monitor,Electronics,North,1,39370,33761.96,2025-08-25,5608.040000000001,14.244450088900178
82,4920,Keyboard,Accessories,South,4,42792,23122.74,2025-06-11,19669.26,45.96480650588895
83,3119,Phone,Electronics,South,5,34615,22491.75,2026-03-26,12123.25,35.023111367904086
84,2483,Mouse,Accessories,North,3,12339,6197.98,2026-02-07,6141.02,49.76918713023746
85,3229,Mouse,Accessories,North,3,45250,34312.72,2025-05-06,10937.279999999999,24.170784530386737
86,4131,Monitor,Electronics,South,4,20296,15707.94,2025-12-18,4588.0599999999995,22.60573512022073
87,1614,Monitor,Electronics,South,3,3807,2895.25,2025-11-06,911.75,23.949303913842922
88,3531,Printer,Office,South,3,16936,9957.55,2025-10-11,6978.450000000001,41.20482994803968
89,1993,Monitor,Electronics,North,4,39945,29979.88,2025-11-13,9965.119999999999,24.947102265615218
90,1566,Phone,Electronics,East,5,20216,10418.35,2025-08-18,9797.65,48.46482983775227
91,2398,Printer,Office,East,5,7527,5307.07,2025-09-10,2219.9300000000003,29.49289225455029
92,1461,Phone,Electronics,East,3,35008,28185.41,2025-09-04,6822.59,19.488659734917736
93,2762,Phone,Electronics,North,4,47188,28985.34,2025-12-15,18202.66,38.57476477070442
94,3447,Printer,Office,East,2,39927,31533.91,2025-09-12,8393.09,21.02108848648784
95,4748,Phone,Electronics,North,3,18237,13582.91,2025-12-06,4654.09,25.520041673520865
96,1932,Printer,Office,East,5,28999,24734.62,2025-10-27,4264.380000000001,14.705265698817204
97,1907,Monitor,Electronics,South,2,49866,25225.78,2025-08-30,24640.22,49.41286648217223
98,1582,Mouse,Accessories,East,4,32334,16639.77,2026-01-10,15694.23,48.5378548895899
99,3350,Keyboard,Accessories,East,3,18577,14233.48,2026-04-03,4343.52,23.381170264305325
100,2725,Mouse,Accessories,South,1,18298,9701.14,2025-08-13,8596.86,46.982511749918025
101,3001,Printer,Office,West,5,9971,8427.15,2025-12-05,1543.8500000000004,15.483401865409691
102,4659,Mouse,Accessories,South,3,17950,9319.09,2025-12-06,8630.91,48.083064066852366
103,2909,Laptop,Electronics,South,4,45556,34759.26,2025-07-08,10796.739999999998,23.699929756782858
104,3974,Phone,Electronics,North,1,37426,27910.2,2025-10-01,9515.8,25.425639929460804
105,4901,Keyboard,Accessories,South,1,27043,16816.76,2025-09-03,10226.240000000002,37.814739488962026
106,3554,Monitor,Electronics,East,4,5017,3743.41,2026-02-03,1273.5900000000001,25.38548933625673
107,3587,Keyboard,Accessories,North,2,5412,2890.62,2025-06-15,2521.38,46.58869179600887
108,4275,Printer,Office,East,4,30260,25929.91,2025-05-16,4330.09,14.309616655651025
109,2798,Keyboard,Accessories,East,2,12062,9364.65,2025-12-13,2697.3500000000004,22.362377715138454
110,4874,Keyboard,Accessories,East,5,21613,16920.76,2026-02-05,4692.240000000002,21.710266968953878
111,3028,Printer,Office,West,2,21273,14887.32,2025-05-30,6385.68,30.017769002961504
112,1858,Laptop,Electronics,North,3,46489,39588.47,2025-05-31,6900.529999999999,14.843360795026777
113,3618,Printer,Office,East,1,44320,32872.76,2025-10-19,11447.239999999998,25.828610108303245
114,2722,Mouse,Accessories,East,5,15975,11580.99,2025-08-17,4394.01,27.505539906103287
115,4720,Mouse,Accessories,South,4,38851,29003.78,2025-10-24,9847.220000000001,25.346117217060055
116,1395,Monitor,Electronics,South,3,32069,17876.07,2025-09-28,14192.93,44.25747606723004
117,4152,Mouse,Accessories,South,1,14760,9990.68,2026-02-16,4769.32,32.31246612466124
118,3220,Phone,Electronics,West,1,4308,3501.38,2026-04-27,806.6199999999999,18.723769730733515
119,1911,Keyboard,Accessories,East,3,25338,14363.8,2025-08-20,10974.2,43.31123214144763
120,1635,Mouse,Accessories,South,2,38153,20062.17,2026-01-16,18090.83,47.41653343118497
121,2196,Printer,Office,West,4,13588,9199.26,2026-03-02,4388.74,32.29864586399764
122,4446,Monitor,Electronics,South,4,9655,6375.81,2025-08-12,3279.1899999999996,33.96364577938891
123,3855,Keyboard,Accessories,North,1,39285,23630.79,2026-03-13,15654.21,39.84780450553646
124,2025,Phone,Electronics,South,3,36485,25201.41,2025-11-04,11283.59,30.926654789639578
125,3611,Keyboard,Accessories,East,2,32388,25590.64,2026-02-25,6797.360000000001,20.987279239224403
126,4555,Keyboard,Accessories,West,2,20942,17994.13,2026-01-17,2947.869999999999,14.076353738897904
127,1956,Keyboard,Accessories,West,3,13535,9223.39,2026-01-23,4311.610000000001,31.85526413003325
128,3302,Printer,Office,South,3,42925,24819.99,2025-12-15,18105.01,42.178241118229465
129,3128,Keyboard,Accessories,West,4,12745,8171.59,2025-05-16,4573.41,35.88395449195763
130,4395,Mouse,Accessories,West,4,27939,16106.79,2025-07-01,11832.21,42.35015569633845
131,4242,Laptop,Electronics,North,2,9932,8718.22,2025-06-10,1213.7800000000007,12.220902134514706
132,3698,Monitor,Electronics,South,2,2887,1788.99,2025-08-14,1098.01,38.032906130931764
133,3079,Laptop,Electronics,East,3,3988,2127.66,2025-10-23,1860.3400000000001,46.648445336008024
134,2095,Printer,Office,South,5,28032,14961.59,2025-05-14,13070.41,46.6267480022831
135,2728,Mouse,Accessories,West,4,28247,15898.31,2025-10-12,12348.69,43.71681948525507
136,2495,Laptop,Electronics,South,1,5416,3192.01,2025-11-11,2223.99,41.06333087149187
137,1796,Printer,Office,East,3,11650,10164.06,2026-03-02,1485.9400000000005,12.754849785407728
138,1781,Monitor,Electronics,East,4,21390,17109.4,2026-04-14,4280.5999999999985,20.012155212716216
139,1182,Laptop,Electronics,East,1,40403,21161.04,2026-03-21,19241.96,47.62507734574165
140,2993,Laptop,Electronics,West,1,23437,20131.24,2026-03-15,3305.7599999999984,14.104876904040612
141,2653,Keyboard,Accessories,North,4,21307,15528.82,2025-12-09,5778.18,27.11869338714977
142,2623,Phone,Electronics,East,3,7652,6011.22,2025-12-15,1640.7799999999997,21.442498693152114
143,4217,Laptop,Electronics,West,5,16572,9225.38,2026-03-27,7346.620000000001,44.331523050929285
144,3069,Keyboard,Accessories,South,5,24882,21389.09,2025-10-08,3492.91,14.037898882726468
145,3476,Keyboard,Accessories,West,1,31193,22343.42,2025-12-15,8849.580000000002,28.37040361619595
146,3014,Phone,Electronics,South,2,30208,25885.39,2025-05-24,4322.610000000001,14.309487552966104
147,2459,Printer,Office,East,1,38785,19532.13,2025-12-04,19252.87,49.63998968673456
148,1911,Monitor,Electronics,South,3,18028,11151.97,2026-03-03,6876.030000000001,38.14083647659197
149,2667,Laptop,Electronics,West,1,38651,34258.9,2025-08-29,4392.0999999999985,11.363483480375667
150,3690,Laptop,Electronics,South,3,45939,35105.99,2025-11-05,10833.010000000002,23.58129258364353
151,4603,Printer,Office,South,4,45068,39348.62,2025-07-08,5719.379999999997,12.690556492411462
152,4622,Keyboard,Accessories,North,5,4572,3246.32,2026-05-05,1325.6799999999998,28.995625546806647
153,4116,Printer,Office,West,4,38733,22029.99,2026-03-28,16703.01,43.12346061497947
154,1540,Phone,Electronics,West,1,18160,15777.19,2026-04-02,2382.8099999999995,13.121200440528632
155,4607,Keyboard,Accessories,West,2,7268,4527.96,2026-03-18,2740.04,37.70005503577325
156,2530,Monitor,Electronics,South,5,11679,7483.92,2025-08-28,4195.08,35.919856152067815
157,1641,Phone,Electronics,East,5,3748,3162.41,2026-04-13,585.5900000000001,15.62406616862327
158,4883,Phone,Electronics,South,2,21406,14729.92,2026-02-27,6676.08,31.187891245445204
159,4492,Phone,Electronics,West,4,40842,26607.68,2025-08-01,14234.32,34.85216199010822
160,1157,Keyboard,Accessories,South,1,9922,8593.68,2025-09-12,1328.3199999999997,13.387623463011487
161,2525,Laptop,Electronics,West,5,46531,30738.77,2025-08-31,15792.23,33.939158840343
162,3302,Monitor,Electronics,South,3,36874,32459.91,2025-10-09,4414.09,11.970738189510225
163,4800,Keyboard,Accessories,East,2,24194,20349.17,2025-08-11,3844.8300000000017,15.891667355542705
164,2269,Monitor,Electronics,South,2,5949,3557.95,2025-07-23,2391.05,40.19246932257523
165,1824,Mouse,Accessories,South,1,8816,6108.3,2025-10-24,2707.7,30.713475499092556
166,1083,Keyboard,Accessories,East,1,29884,24449.16,2025-10-19,5434.84,18.186454289921027
167,1918,Printer,Office,South,1,45492,24300.33,2026-02-26,21191.67,46.58328936955948
168,4849,Phone,Electronics,West,2,25242,20503.18,2025-10-05,4738.82,18.77355201648047
169,4787,Monitor,Electronics,East,4,43005,32427.03,2026-02-28,10577.970000000001,24.597070108126964
170,2335,Mouse,Accessories,South,4,28275,23956.27,2025-11-30,4318.73,15.274022988505745
171,1746,Monitor,Electronics,North,5,37563,29233.35,2025-08-21,8329.650000000001,22.175145755131386
172,1282,Mouse,Accessories,South,2,19721,14016.43,2026-05-05,5704.57,28.926372901982656
173,4434,Monitor,Electronics,North,3,39393,32812.27,2025-12-25,6580.730000000003,16.70532835783008
174,4908,Phone,Electronics,West,3,20232,17652.4,2025-05-16,2579.5999999999985,12.750098853301692
175,1892,Monitor,Electronics,East,2,38269,19233.48,2025-09-05,19035.52,49.74135723431498
176,2941,Printer,Office,West,3,39902,31647.07,2026-01-06,8254.93,20.688010626033783
177,3080,Printer,Office,South,1,18899,12501.16,2025-09-15,6397.84,33.85279644425631
178,4066,Monitor,Electronics,East,5,21242,18649.83,2025-06-22,2592.1699999999983,12.203041144901603
179,4030,Monitor,Electronics,North,3,19837,11996.03,2025-08-25,7840.969999999999,39.52699500932601
180,3820,Mouse,Accessories,West,3,21705,17536.11,2025-12-30,4168.889999999999,19.207049067035243
181,1557,Mouse,Accessories,North,3,14394,9504.85,2025-12-01,4889.15,33.96658329859664
182,1609,Monitor,Electronics,West,4,43903,29548.78,2025-10-23,14354.220000000001,32.69530555998452
183,2069,Mouse,Accessories,West,2,47724,35597.53,2025-07-23,12126.470000000001,25.40958427625514
184,1154,Mouse,Accessories,North,2,24424,16146.98,2026-02-15,8277.02,33.88887979037013
185,2904,Mouse,Accessories,North,4,46033,32222.17,2025-05-11,13810.830000000002,30.002020289792107
186,1487,Laptop,Electronics,South,1,1889,1478.42,2025-11-09,410.5799999999999,21.735309687665428
187,2412,Phone,Electronics,East,1,32808,18501.26,2025-07-26,14306.740000000002,43.60747378688125
188,2777,Monitor,Electronics,West,2,4030,2989.83,2026-01-15,1040.17,25.81066997518611
189,1866,Keyboard,Accessories,South,2,8379,4459.27,2026-01-17,3919.7299999999996,46.78040338942594
190,2935,Phone,Electronics,East,2,49977,26117.17,2026-02-24,23859.83,47.74162114572704
191,1689,Laptop,Electronics,South,3,34438,26363.73,2025-05-17,8074.27,23.445815668738025
192,2150,Keyboard,Accessories,North,5,33789,19719.33,2025-12-08,14069.669999999998,41.63979401580396
193,2835,Phone,Electronics,West,2,24833,13609.58,2025-11-03,11223.42,45.19558651793984
194,4903,Phone,Electronics,West,5,48781,40357.84,2025-08-29,8423.160000000003,17.267296693384726
195,4252,Laptop,Electronics,East,4,17996,14148.42,2026-03-03,3847.58,21.380195599022002
196,4099,Mouse,Accessories,West,1,32738,27536.62,2025-07-20,5201.380000000001,15.887897855702857
197,2021,Mouse,Accessories,East,2,38778,24691.25,2025-09-17,14086.75,36.326654288514106
198,1947,Laptop,Electronics,South,1,18937,14360.05,2025-06-21,4576.950000000001,24.169351005967158
199,2066,Phone,Electronics,West,5,23079,14451.99,2025-05-29,8627.01,37.3803457688808
200,1103,Monitor,Electronics,East,5,48947,33674.86,2026-03-29,15272.14,31.20138108566409
201,1794,Mouse,Accessories,North,5,30064,21605.15,2026-02-10,8458.849999999999,28.136142895156997
202,3022,Monitor,Electronics,North,5,2090,1364.58,2025-06-14,725.4200000000001,34.70909090909091
203,2879,Mouse,Accessories,West,3,48612,35144.58,2026-03-06,13467.419999999998,27.70390027153789
204,1382,Keyboard,Accessories,North,2,31038,20159.44,2025-09-21,10878.560000000001,35.04916553901669
205,1222,Mouse,Accessories,North,4,18580,16607.99,2025-09-30,1972.0099999999984,10.613616792249722
206,1741,Mouse,Accessories,South,4,46983,36467.23,2025-12-31,10515.769999999997,22.382074367324346
207,2594,Monitor,Electronics,South,5,23801,15574.85,2026-02-20,8226.15,34.56220326877022
208,3329,Printer,Office,East,2,37370,19824.64,2026-02-27,17545.36,46.95038801177415
209,4114,Printer,Office,West,4,18852,12622.04,2025-09-08,6229.959999999999,33.04667939741141
210,3079,Keyboard,Accessories,North,5,42757,24160.01,2025-11-25,18596.99,43.494609069859905
211,1136,Printer,Office,West,4,20067,12396.48,2025-06-02,7670.52,38.22454776498729
212,1570,Mouse,Accessories,West,4,47783,32641.23,2025-06-28,15141.77,31.68861310507921
213,4355,Printer,Office,West,4,47628,27108.72,2026-04-06,20519.28,43.08238851095994
214,3211,Keyboard,Accessories,North,1,44082,32129.99,2026-03-30,11952.009999999998,27.113130075767884
215,4767,Printer,Office,East,4,26381,15344.75,2026-04-18,11036.25,41.83408513703044
216,1803,Printer,Office,South,3,34454,29318.23,2026-05-01,5135.77,14.906164741394324
217,3151,Printer,Office,North,5,49395,39532.39,2025-10-27,9862.61,19.96681850389716
218,4481,Laptop,Electronics,East,1,34960,25592.14,2025-09-03,9367.86,26.79593821510298
219,3864,Monitor,Electronics,North,1,49744,38323.89,2025-05-13,11420.11,22.95776375040206
220,4268,Printer,Office,West,4,22541,12260.58,2026-02-20,10280.42,45.607648285346706
221,3261,Laptop,Electronics,West,4,15827,10190.28,2025-08-02,5636.719999999999,35.61458267517533
222,3725,Mouse,Accessories,South,2,10529,5998.0,2025-11-03,4531.0,43.033526450755055
223,4130,Monitor,Electronics,West,5,46565,39105.01,2025-09-02,7459.989999999998,16.020594867389665
224,4125,Printer,Office,East,3,5995,4007.88,2025-09-09,1987.12,33.1462885738115
225,2056,Printer,Office,South,1,22408,17874.11,2025-12-17,4533.889999999999,20.233354159228846
226,4379,Printer,Office,North,2,48251,35810.94,2025-09-04,12440.059999999998,25.781973430602466
227,1092,Laptop,Electronics,East,3,23489,15163.21,2026-04-05,8325.79,35.4454851206948
228,2527,Mouse,Accessories,North,2,46190,25667.15,2025-08-10,20522.85,44.43137042649924
229,4297,Printer,Office,North,2,20035,13432.29,2026-01-31,6602.709999999999,32.95587721487397
230,4104,Printer,Office,West,2,40691,23020.58,2025-12-12,17670.42,43.42586812808729
231,1332,Keyboard,Accessories,South,1,11402,7774.26,2025-12-21,3627.74,31.81669882476758
232,4409,Printer,Office,North,5,8333,4324.4,2025-08-29,4008.6000000000004,48.105124204968206
233,1914,Keyboard,Accessories,North,4,35225,24847.27,2025-12-20,10377.73,29.461263307310148
234,3777,Phone,Electronics,West,2,6601,4032.57,2025-08-04,2568.43,38.90971064990153
235,1639,Mouse,Accessories,South,5,1723,1039.86,2025-12-04,683.1400000000001,39.648287869994206
236,1858,Keyboard,Accessories,West,2,35066,28241.28,2026-01-16,6824.720000000001,19.462499287058694
237,4325,Monitor,Electronics,West,2,15636,13176.48,2026-03-14,2459.5200000000004,15.729854182655414
238,3734,Phone,Electronics,East,3,35281,26721.86,2025-08-24,8559.14,24.259913267764517
239,2324,Monitor,Electronics,North,1,9145,7979.84,2026-03-25,1165.1599999999999,12.740951339529797
240,4886,Monitor,Electronics,West,4,45825,24803.83,2026-02-21,21021.17,45.8727114020731
241,4223,Printer,Office,South,2,16372,14693.55,2025-10-04,1678.4500000000007,10.251954556559985
242,2385,Phone,Electronics,South,1,48590,28816.25,2025-08-16,19773.75,40.69510187281334
243,2501,Mouse,Accessories,East,3,48608,42130.03,2026-01-28,6477.970000000001,13.32696263989467
244,2528,Laptop,Electronics,South,1,45124,30689.66,2025-12-31,14434.34,31.988165942735574
245,3691,Keyboard,Accessories,North,2,28174,18275.91,2026-03-06,9898.09,35.132001135798966
246,1064,Monitor,Electronics,South,5,19784,16728.69,2026-02-22,3055.3100000000013,15.44333805095027
247,3254,Monitor,Electronics,South,3,45481,23372.74,2025-05-19,22108.26,48.60988104922935
248,1375,Mouse,Accessories,East,3,4608,3729.77,2025-09-09,878.23,19.05881076388889
249,4872,Phone,Electronics,West,5,37070,31609.03,2025-11-14,5460.970000000001,14.731507957917456
250,4167,Monitor,Electronics,South,1,49096,29463.27,2026-01-13,19632.73,39.988451197653575
251,1776,Mouse,Accessories,West,4,15979,11147.3,2025-08-02,4831.700000000001,30.237812128418557
252,1951,Laptop,Electronics,East,4,21091,14785.58,2025-09-23,6305.42,29.896259067848845
253,2945,Phone,Electronics,North,3,19968,10409.6,2025-11-13,9558.4,47.86858974358974
254,1865,Keyboard,Accessories,East,3,20678,13909.69,2025-05-18,6768.3099999999995,32.73193732469291
255,2487,Printer,Office,East,3,17869,14323.04,2025-12-22,3545.959999999999,19.844199451564158
256,3217,Printer,Office,South,3,38237,28874.19,2026-04-12,9362.810000000001,24.48625676700578
257,1969,Phone,Electronics,North,2,45843,34283.54,2026-03-27,11559.46,25.215321859389654
258,3353,Monitor,Electronics,West,3,33105,23600.01,2026-03-24,9504.990000000002,28.711644766651567
259,2435,Laptop,Electronics,North,3,15849,9803.6,2025-07-25,6045.4,38.14373146570762
260,3533,Keyboard,Accessories,West,4,46027,35852.58,2025-10-12,10174.419999999998,22.105329480522297
261,2149,Phone,Electronics,West,1,38004,32634.5,2026-04-24,5369.5,14.128775918324388
262,4720,Mouse,Accessories,West,5,35632,26911.36,2026-04-06,8720.64,24.474180511899416
263,1537,Keyboard,Accessories,South,3,11159,7658.51,2025-10-14,3500.49,31.369208710457926
264,2083,Keyboard,Accessories,North,4,8967,6144.8,2026-04-30,2822.2,31.47317943570871
265,1887,Monitor,Electronics,East,5,12945,11316.06,2026-04-11,1628.9400000000005,12.583545770567792
266,1640,Mouse,Accessories,North,1,19153,9895.84,2025-05-12,9257.16,48.332689395917086
267,2907,Printer,Office,West,1,35938,30708.48,2025-12-28,5229.52,14.551505370360065
268,2895,Printer,Office,North,5,44012,37053.61,2025-09-18,6958.389999999999,15.810210851585929
269,2796,Laptop,Electronics,South,4,49434,27072.96,2026-04-17,22361.04,45.23413035562569
270,4164,Phone,Electronics,East,2,47577,38062.19,2025-12-17,9514.809999999998,19.998759904996106
271,1067,Printer,Office,West,3,41277,20810.11,2026-03-05,20466.89,49.58424788623204
272,3776,Mouse,Accessories,South,4,21279,13995.89,2025-09-20,7283.110000000001,34.22674937732037
273,1802,Printer,Office,South,5,43825,22787.14,2025-10-12,21037.86,48.00424415288077
274,4930,Laptop,Electronics,North,2,16138,8774.97,2025-06-15,7363.030000000001,45.62541826744331
275,3643,Printer,Office,South,3,38098,28957.12,2025-08-26,9140.880000000001,23.99307050238858
276,3951,Laptop,Electronics,West,4,28514,14584.14,2025-06-29,13929.86,48.85270393490917
277,3296,Laptop,Electronics,North,4,32081,16604.68,2026-04-09,15476.32,48.24138898413391
278,4538,Keyboard,Accessories,South,3,21933,19170.85,2026-02-20,2762.1500000000015,12.593580449550911
279,2409,Monitor,Electronics,North,4,24522,14187.3,2026-02-17,10334.7,42.14460484462931
280,3675,Mouse,Accessories,South,1,18900,15044.07,2026-01-07,3855.9300000000003,20.401746031746033
281,1410,Laptop,Electronics,East,2,3031,2677.18,2026-05-03,353.82000000000016,11.673375123721549
282,4896,Mouse,Accessories,North,4,28275,14962.95,2025-10-11,13312.05,47.08063660477453
283,2091,Monitor,Electronics,South,1,39051,27853.53,2026-03-01,11197.470000000001,28.67396481524161
284,1482,Phone,Electronics,South,3,30714,23772.09,2025-07-31,6941.91,22.601777690955263
285,4709,Mouse,Accessories,North,5,27329,21690.49,2026-04-01,5638.509999999998,20.631966043397117
286,4859,Phone,Electronics,East,1,48174,29312.91,2025-08-20,18861.09,39.15201145846307
287,1497,Monitor,Electronics,West,5,42961,24930.37,2026-03-09,18030.63,41.969763273666814
288,2723,Phone,Electronics,West,4,25651,22645.72,2026-03-30,3005.279999999999,11.716034462594047
289,4897,Monitor,Electronics,South,4,15531,11376.0,2025-06-13,4155.0,26.752945721460303
290,3489,Phone,Electronics,North,4,22429,16291.02,2026-03-15,6137.98,27.36626688662
291,1420,Keyboard,Accessories,North,5,22978,17801.63,2026-02-24,5176.369999999999,22.527504569588295
292,3468,Printer,Office,South,1,47020,24369.91,2026-04-04,22650.09,48.171182475542324
293,2410,Mouse,Accessories,West,5,22139,15624.49,2026-03-06,6514.51,29.425493473056598
294,1458,Phone,Electronics,East,2,38514,32172.7,2025-05-16,6341.299999999999,16.464921846601236
295,4060,Laptop,Electronics,South,3,22971,20224.94,2026-03-30,2746.0600000000013,11.954464324583176
296,3318,Laptop,Electronics,East,5,13344,9218.02,2026-04-19,4125.98,30.9201139088729
297,3205,Printer,Office,North,1,35307,28635.88,2026-02-20,6671.119999999999,18.894610133967767
298,2770,Keyboard,Accessories,North,4,4336,3430.91,2026-04-10,905.0900000000001,20.873846863468636
299,3100,Laptop,Electronics,East,2,47738,39423.03,2025-05-15,8314.970000000001,17.41792701830827
300,3863,Phone,Electronics,East,5,25001,19938.93,2025-05-27,5062.07,20.24747010119595
301,1986,Monitor,Electronics,West,5,2928,2481.21,2025-05-17,446.78999999999996,15.25922131147541
302,4098,Laptop,Electronics,South,4,10648,5871.97,2026-03-17,4776.03,44.85377535687453
303,2268,Phone,Electronics,South,5,7085,4348.46,2025-06-05,2736.54,38.62441778405081
304,2823,Laptop,Electronics,East,2,9240,6460.33,2025-08-25,2779.67,30.08300865800866
305,3643,Mouse,Accessories,West,1,38810,19407.64,2026-03-11,19402.36,49.993197629476946
306,2684,Mouse,Accessories,South,2,46672,26815.48,2026-02-22,19856.52,42.544823448748716
307,2312,Monitor,Electronics,East,3,14807,10223.84,2026-03-04,4583.16,30.95265752684541
308,3302,Monitor,Electronics,South,3,25481,19525.78,2025-08-03,5955.220000000001,23.371217770103218
309,3888,Printer,Office,North,1,23030,16511.61,2025-10-27,6518.389999999999,28.303907946157185
310,3851,Keyboard,Accessories,East,1,5488,4049.47,2025-10-26,1438.5300000000002,26.212281341107875
311,2820,Monitor,Electronics,East,2,24250,19550.65,2026-04-02,4699.3499999999985,19.378762886597933
312,4472,Mouse,Accessories,North,4,46786,30244.58,2025-06-11,16541.42,35.35549095883383
313,4909,Mouse,Accessories,North,5,25806,19254.43,2025-05-17,6551.57,25.387778036115634
314,4294,Mouse,Accessories,North,4,36803,29670.79,2025-08-12,7132.209999999999,19.379425590305136
315,2565,Monitor,Electronics,East,1,3205,2488.46,2025-10-23,716.54,22.356942277691104
316,3914,Phone,Electronics,East,3,41472,25919.17,2026-01-05,15552.830000000002,37.502001350308646
317,4807,Mouse,Accessories,West,3,16998,9604.64,2025-08-20,7393.360000000001,43.49547005530063
318,3222,Monitor,Electronics,North,4,47850,33219.25,2026-02-13,14630.75,30.576280041797283
319,3552,Phone,Electronics,West,1,30920,19618.25,2025-12-13,11301.75,36.551584734799484
320,1624,Laptop,Electronics,West,1,48820,35711.06,2025-07-19,13108.940000000002,26.85157722244982
321,2317,Printer,Office,North,5,38533,23683.49,2025-06-14,14849.509999999998,38.53712402356421
322,3176,Phone,Electronics,East,1,36889,24717.7,2025-06-04,12171.3,32.99438857111876
323,1649,Keyboard,Accessories,North,2,38249,26524.18,2026-03-16,11724.82,30.653925592825953
324,4915,Monitor,Electronics,South,4,29404,18407.36,2026-04-20,10996.64,37.39844919058631
325,3172,Monitor,Electronics,North,4,38741,31118.65,2026-02-17,7622.3499999999985,19.675150357502382
326,3869,Phone,Electronics,East,1,34694,25396.44,2025-09-21,9297.560000000001,26.798754827924142
327,1180,Monitor,Electronics,South,5,34389,22110.93,2025-05-28,12278.07,35.703480764197856
328,1200,Printer,Office,South,1,11085,7986.17,2026-02-16,3098.83,27.955164636896708
329,1761,Mouse,Accessories,West,3,29614,18678.1,2025-11-23,10935.900000000001,36.9281420949551
330,4514,Mouse,Accessories,East,2,6932,5266.6,2025-08-22,1665.3999999999996,24.024812463935366
331,4694,Monitor,Electronics,East,3,29628,16708.1,2025-09-17,12919.900000000001,43.60706088834886
332,2719,Keyboard,Accessories,South,5,4822,2457.5,2025-06-04,2364.5,49.035669846536706
333,1361,Phone,Electronics,West,5,17033,8987.9,2025-09-12,8045.1,47.23243116303646
334,3995,Phone,Electronics,West,5,36092,26410.01,2025-06-04,9681.990000000002,26.8258616868004
335,2714,Phone,Electronics,North,1,2432,1414.83,2025-11-30,1017.1700000000001,41.82442434210527
336,1755,Keyboard,Accessories,South,5,30482,20664.94,2025-06-14,9817.060000000001,32.20608883931501
337,3038,Printer,Office,East,4,26472,23259.47,2025-11-19,3212.529999999999,12.135577213659712
338,4647,Mouse,Accessories,South,2,16492,13961.99,2026-01-10,2530.01,15.340831918505943
339,2706,Monitor,Electronics,South,2,768,669.32,2025-05-08,98.67999999999995,12.848958333333327
340,2990,Mouse,Accessories,West,1,27962,22497.38,2025-11-26,5464.619999999999,19.543022673628492
341,1276,Mouse,Accessories,South,1,33583,25402.92,2025-12-07,8180.080000000002,24.357800077420126
342,4910,Keyboard,Accessories,North,1,10451,6942.92,2026-03-05,3508.08,33.566931394124964
343,1312,Phone,Electronics,West,2,46575,33239.84,2025-06-03,13335.160000000003,28.631583467525505
344,3824,Printer,Office,North,2,43512,29775.36,2026-02-01,13736.64,31.569773855488144
345,2584,Printer,Office,North,4,1170,842.4,2025-12-01,327.6,28.000000000000004
346,4768,Monitor,Electronics,North,1,40919,24175.08,2026-03-24,16743.92,40.91967056868447
347,1035,Laptop,Electronics,North,2,13546,10084.55,2025-11-15,3461.4500000000007,25.55329986711945
348,2326,Keyboard,Accessories,East,2,1696,908.69,2025-12-06,787.31,46.42158018867924
349,2298,Laptop,Electronics,South,5,9575,6124.48,2026-04-22,3450.5200000000004,36.036762402088776
350,3064,Mouse,Accessories,West,4,5056,3360.1,2026-01-02,1695.9,33.54232594936709
351,4401,Phone,Electronics,West,4,49036,43046.5,2026-02-23,5989.5,12.214495472713924
352,3158,Phone,Electronics,North,2,18882,12641.26,2025-12-25,6240.74,33.051265755746215
353,3455,Monitor,Electronics,South,2,15670,11775.19,2026-02-05,3894.8099999999995,24.855201021059344
354,2833,Laptop,Electronics,West,2,12033,6444.66,2025-10-06,5588.34,46.44178509099975
355,3260,Monitor,Electronics,South,5,25028,14883.68,2025-06-08,10144.32,40.53188428959565
356,4523,Printer,Office,South,3,43482,33489.81,2026-04-05,9992.190000000002,22.980060714778535
357,1573,Laptop,Electronics,South,4,42414,32766.26,2025-09-18,9647.740000000002,22.746593106049893
358,4058,Laptop,Electronics,North,1,16728,9363.27,2025-06-12,7364.73,44.026362984218075
359,1517,Monitor,Electronics,South,5,8222,7310.64,2025-06-16,911.3599999999997,11.084407686694231
360,1293,Monitor,Electronics,East,4,18651,11330.4,2025-12-11,7320.6,39.25044233553161
361,1427,Laptop,Electronics,East,3,6306,5090.16,2025-11-19,1215.8400000000001,19.280685061845865
362,1184,Mouse,Accessories,West,1,12400,7721.98,2025-11-10,4678.02,37.72596774193549
363,1239,Laptop,Electronics,North,1,28709,17400.06,2025-06-19,11308.939999999999,39.391619352816186
364,4122,Printer,Office,West,2,20569,15988.59,2025-05-23,4580.41,22.26851086586611
365,1056,Laptop,Electronics,South,3,31658,21684.25,2025-12-23,9973.75,31.50467496367427
366,3227,Laptop,Electronics,East,5,13377,9152.63,2025-08-06,4224.370000000001,31.579352620168955
367,1822,Printer,Office,South,4,11382,5742.94,2025-06-01,5639.06,49.54366543665437
368,1386,Phone,Electronics,South,5,21550,11346.82,2026-02-21,10203.18,47.34654292343387
369,3016,Monitor,Electronics,West,2,17547,13777.98,2025-07-21,3769.0200000000004,21.479569157120878
370,2873,Phone,Electronics,West,4,36624,32608.76,2025-09-24,4015.2400000000016,10.963411970292707
371,3754,Keyboard,Accessories,East,5,19175,13442.81,2026-04-17,5732.1900000000005,29.894080834419825
372,3974,Phone,Electronics,East,5,32392,17893.65,2025-11-13,14498.349999999999,44.75904544331934
373,2125,Keyboard,Accessories,East,4,5874,4375.9,2026-04-27,1498.1000000000004,25.50391556009534
374,1861,Printer,Office,South,1,22114,18674.96,2026-02-14,3439.040000000001,15.551415392963738
375,3970,Keyboard,Accessories,South,4,39168,21510.61,2026-03-30,17657.39,45.08116319444444
376,3220,Printer,Office,South,5,28488,20148.04,2025-05-29,8339.96,29.275344004493114
377,2342,Mouse,Accessories,South,5,14144,12465.52,2026-04-17,1678.4799999999996,11.867081447963798
378,1459,Monitor,Electronics,North,5,21352,13218.73,2025-05-21,8133.27,38.091373173473215
379,2594,Keyboard,Accessories,North,3,8679,5359.63,2026-02-23,3319.37,38.24599608249798
380,3378,Phone,Electronics,East,4,14007,11270.9,2025-09-07,2736.1000000000004,19.533804526308277
381,4258,Keyboard,Accessories,West,2,3292,1910.18,2026-01-14,1381.82,41.975091130012146
382,4913,Laptop,Electronics,South,1,2606,2200.25,2025-09-14,405.75,15.569838833461244
383,2143,Printer,Office,North,1,46691,27761.57,2025-10-31,18929.43,40.541924567903884
384,2745,Monitor,Electronics,South,2,27097,18203.32,2025-11-26,8893.68,32.821640772041185
385,2962,Mouse,Accessories,West,1,3665,3178.43,2025-06-29,486.57000000000016,13.276125511596184
386,3144,Keyboard,Accessories,West,5,48011,25632.39,2026-03-27,22378.61,46.61142238237071
387,3206,Keyboard,Accessories,West,4,37874,31773.5,2026-04-08,6100.5,16.107355969794583
388,1687,Laptop,Electronics,West,3,1159,1033.9,2025-11-02,125.09999999999991,10.793787748058662
389,4265,Keyboard,Accessories,West,3,34314,29507.76,2026-02-10,4806.240000000002,14.006644518272429
390,2906,Keyboard,Accessories,East,1,2400,1727.05,2025-08-10,672.95,28.039583333333333
391,1689,Keyboard,Accessories,East,2,30228,27080.46,2025-12-29,3147.540000000001,10.412663755458517
392,2607,Keyboard,Accessories,West,1,8834,6586.02,2025-05-07,2247.9799999999996,25.446909667194923
393,1717,Mouse,Accessories,West,5,20561,11079.82,2026-04-05,9481.18,46.1124458927095
394,2098,Keyboard,Accessories,West,2,34391,20671.6,2025-06-26,13719.400000000001,39.892413712890004
395,3518,Keyboard,Accessories,West,5,31549,27547.98,2025-08-01,4001.0200000000004,12.68192335731719
396,2531,Phone,Electronics,North,4,11219,7388.02,2026-03-24,3830.9799999999996,34.147250200552634
397,3949,Monitor,Electronics,North,4,29735,21387.41,2025-12-01,8347.59,28.07328064570372
398,3933,Monitor,Electronics,East,3,41713,26486.16,2025-05-27,15226.84,36.50382374799223
399,2287,Phone,Electronics,East,1,25597,17724.54,2025-12-26,7872.459999999999,30.755401023557443
400,2586,Printer,Office,East,3,4422,2298.76,2025-08-11,2123.24,48.01537765716869
401,1016,Mouse,Accessories,East,3,5913,3064.61,2025-10-25,2848.39,48.17165567393878
402,2421,Monitor,Electronics,South,1,2866,2106.99,2025-06-01,759.0100000000002,26.48325191905095
403,4560,Phone,Electronics,South,3,30987,24574.97,2025-05-10,6412.029999999999,20.692645302868943
404,2740,Monitor,Electronics,West,3,32743,21183.34,2026-01-10,11559.66,35.30421769538527
405,1478,Laptop,Electronics,South,3,4682,4046.23,2025-08-02,635.77,13.579026057240496
406,3615,Phone,Electronics,South,2,17625,10294.61,2026-04-19,7330.389999999999,41.59086524822695
407,2776,Printer,Office,North,4,44570,38415.15,2026-04-17,6154.8499999999985,13.809400942337893
408,3002,Laptop,Electronics,North,4,5425,4828.98,2025-11-24,596.0200000000004,10.98654377880185
409,3414,Keyboard,Accessories,North,2,1162,818.64,2025-11-04,343.36,29.549053356282272
410,3596,Monitor,Electronics,West,1,39064,26541.73,2025-12-31,12522.27,32.05578025803809
411,4565,Phone,Electronics,East,4,8024,6273.49,2025-12-26,1750.5100000000002,21.815927218344967
412,4339,Printer,Office,West,2,16575,14899.61,2026-03-12,1675.3899999999994,10.107933634992456
413,2097,Printer,Office,West,4,48934,29949.9,2025-07-16,18984.1,38.795316140107076
414,2205,Printer,Office,East,1,6909,5483.78,2026-03-26,1425.2200000000003,20.628455637574184
415,1794,Monitor,Electronics,East,3,29459,22842.48,2025-08-15,6616.52,22.460097084082964
416,1505,Mouse,Accessories,East,1,27751,20654.5,2025-12-15,7096.5,25.572051457605134
417,3541,Keyboard,Accessories,East,4,6071,5284.72,2025-07-20,786.2799999999997,12.951408334705974
418,4323,Monitor,Electronics,North,1,15054,10533.22,2025-06-11,4520.780000000001,30.030423807625883
419,3598,Monitor,Electronics,East,4,43674,32138.18,2025-08-11,11535.82,26.41347254659523
420,2936,Monitor,Electronics,South,5,12796,11003.58,2026-03-23,1792.42,14.00765864332604
421,1866,Printer,Office,North,4,25127,18237.39,2026-03-09,6889.610000000001,27.419150714371
422,2473,Printer,Office,North,2,24547,16797.72,2026-04-27,7749.279999999999,31.569153053326264
423,2594,Mouse,Accessories,East,5,37654,20902.19,2025-07-05,16751.81,44.488792691347534
424,4978,Mouse,Accessories,South,2,19884,11774.84,2025-05-26,8109.16,40.78233755783545
425,4746,Phone,Electronics,East,5,4613,2515.28,2025-05-06,2097.72,45.47409494905701
426,4749,Monitor,Electronics,East,2,28131,20302.99,2026-01-08,7828.009999999998,27.82698802033343
427,1159,Phone,Electronics,North,1,39042,28705.94,2026-05-03,10336.060000000001,26.47420726397214
428,3600,Printer,Office,South,5,22021,17005.4,2025-06-12,5015.5999999999985,22.77644067026928
429,2237,Laptop,Electronics,South,5,49947,33545.46,2025-09-01,16401.54,32.83788816145114
430,1643,Printer,Office,North,5,3785,3349.8,2025-08-16,435.1999999999998,11.498018494055477
431,2334,Laptop,Electronics,East,4,16142,12475.8,2025-10-20,3666.2000000000007,22.71217940775617
432,3168,Mouse,Accessories,North,5,11991,9107.96,2026-05-03,2883.040000000001,24.043365857726638
433,1415,Mouse,Accessories,East,2,41384,22098.0,2025-08-08,19286.0,46.602551710806104
434,4653,Mouse,Accessories,North,3,9205,7839.61,2026-04-30,1365.3900000000003,14.833134166214018
435,2951,Printer,Office,East,2,6314,3952.16,2026-04-16,2361.84,37.40639847956921
436,4611,Monitor,Electronics,North,3,18213,11360.84,2025-11-23,6852.16,37.6223576566189
437,3445,Mouse,Accessories,South,3,38225,34215.23,2025-12-24,4009.769999999997,10.489914977109214
438,3279,Keyboard,Accessories,West,3,38390,30067.49,2025-12-02,8322.509999999998,21.678848658504815
439,1313,Phone,Electronics,West,1,40495,27763.74,2025-08-24,12731.259999999998,31.439091245832817
440,4163,Keyboard,Accessories,West,3,24323,20502.92,2025-11-20,3820.0800000000017,15.705628417547185
441,3712,Keyboard,Accessories,East,5,9655,6831.45,2025-11-25,2823.55,29.244432936302434
442,4778,Printer,Office,South,4,21095,15418.42,2025-12-17,5676.58,26.90959943114482
443,1142,Phone,Electronics,South,3,10449,6744.41,2026-03-06,3704.59,35.45401473825247
444,4274,Monitor,Electronics,West,3,9464,6964.91,2025-11-12,2499.09,26.4062764158918
445,3509,Laptop,Electronics,West,2,44886,29638.71,2026-01-06,15247.29,33.96892126721027
446,4178,Laptop,Electronics,South,2,41466,31103.23,2025-07-24,10362.77,24.991004678531812
447,4367,Laptop,Electronics,East,2,38174,34143.81,2025-07-11,4030.1900000000023,10.557421281500504
448,2649,Phone,Electronics,South,2,38687,24630.94,2026-03-18,14056.060000000001,36.332773283014966
449,1764,Monitor,Electronics,South,1,31844,18316.05,2025-07-06,13527.95,42.481943223213165
450,3175,Monitor,Electronics,South,4,38161,28610.86,2025-12-26,9550.14,25.02591651162181
451,2758,Laptop,Electronics,South,4,8198,6375.94,2025-12-11,1822.0600000000004,22.225664796291785
452,1367,Laptop,Electronics,West,5,19659,12652.26,2026-01-15,7006.74,35.64138562490462
453,2676,Monitor,Electronics,North,4,38073,32613.48,2025-06-26,5459.52,14.339610747774016
454,3645,Monitor,Electronics,South,4,19139,9795.07,2026-02-04,9343.93,48.821411776999845
455,4394,Monitor,Electronics,South,1,41986,29572.56,2026-03-17,12413.439999999999,29.565664745391317
456,3178,Laptop,Electronics,East,3,16234,11110.39,2025-10-07,5123.610000000001,31.56098312184305
457,3144,Laptop,Electronics,East,5,47413,40233.19,2025-11-29,7179.809999999998,15.143125303186885
458,4959,Monitor,Electronics,South,3,47046,33771.41,2025-08-29,13274.589999999997,28.21619266250052
459,3849,Printer,Office,East,5,8440,4268.18,2026-02-11,4171.82,49.429146919431275
460,2398,Mouse,Accessories,East,2,15429,10358.98,2025-06-24,5070.02,32.86032795385314
461,2176,Keyboard,Accessories,West,3,14291,8506.25,2025-08-06,5784.75,40.47827303897557
462,3183,Keyboard,Accessories,North,5,2565,1649.26,2026-02-02,915.74,35.70136452241716
463,3722,Monitor,Electronics,North,2,41383,26497.65,2025-12-26,14885.349999999999,35.969721866466905
464,1463,Phone,Electronics,North,4,16160,11704.01,2025-07-21,4455.99,27.574195544554453
465,2745,Printer,Office,West,5,14534,10836.68,2025-05-29,3697.3199999999997,25.4391082977845
466,4833,Laptop,Electronics,North,5,16732,8574.73,2025-06-01,8157.27,48.75251016017213
467,1917,Monitor,Electronics,East,4,9108,5402.09,2026-03-08,3705.91,40.6885155906895
468,3126,Keyboard,Accessories,West,2,7425,6615.96,2025-05-30,809.04,10.896161616161617
469,1528,Laptop,Electronics,West,4,9421,7062.76,2026-05-01,2358.24,25.031737607472664
470,1159,Printer,Office,North,1,20610,14636.44,2026-04-08,5973.5599999999995,28.983794274623964
471,1184,Keyboard,Accessories,East,3,28422,18398.43,2025-09-14,10023.57,35.26694110196327
472,4612,Phone,Electronics,South,5,12346,8636.68,2025-09-07,3709.3199999999997,30.044710837518224
473,1335,Mouse,Accessories,West,2,21648,19472.07,2025-09-09,2175.9300000000003,10.051413525498893
474,1752,Monitor,Electronics,North,4,9941,6266.24,2025-05-27,3674.76,36.96569761593401
475,1221,Keyboard,Accessories,West,1,26659,17385.01,2026-02-20,9273.990000000002,34.78746389587007
476,2595,Laptop,Electronics,South,5,34053,20839.71,2026-04-21,13213.29,38.80213197075148
477,4280,Monitor,Electronics,North,1,6523,4132.52,2025-05-25,2390.4799999999996,36.64694159129234
478,1753,Mouse,Accessories,South,2,30975,27642.38,2025-06-21,3332.619999999999,10.759063761097657
479,3740,Printer,Office,South,3,7212,4459.04,2025-05-20,2752.96,38.17193566278425
480,3317,Laptop,Electronics,West,4,22206,17243.16,2025-09-23,4962.84,22.34909483923264
481,2207,Mouse,Accessories,West,5,35665,21073.81,2025-07-25,14591.189999999999,40.91179027057339
482,4461,Laptop,Electronics,North,1,42823,22024.24,2025-08-17,20798.76,48.56913340961632
483,1268,Keyboard,Accessories,South,5,11073,6685.46,2025-09-18,4387.54,39.62376952948613
484,1218,Monitor,Electronics,South,5,39818,31184.7,2025-05-07,8633.3,21.681902657089758
485,2792,Keyboard,Accessories,West,3,43095,29840.74,2026-01-21,13254.259999999998,30.755911358626285
486,2209,Laptop,Electronics,North,5,9960,5333.96,2025-10-21,4626.04,46.44618473895582
487,2915,Mouse,Accessories,East,2,48101,34080.18,2026-04-19,14020.82,29.148707927070124
488,3443,Mouse,Accessories,East,1,17636,10048.73,2026-03-07,7587.27,43.021490133817196
489,2814,Printer,Office,East,3,14622,12259.61,2026-01-15,2362.3899999999994,16.156408152099573
490,4975,Printer,Office,East,4,4805,2454.41,2025-06-27,2350.59,48.91966701352758
491,4075,Laptop,Electronics,East,5,8404,7489.95,2025-12-19,914.0500000000002,10.876368396001906
492,2198,Phone,Electronics,East,1,3534,2428.56,2025-07-07,1105.44,31.280135823429546
493,1683,Keyboard,Accessories,North,4,47797,40233.13,2025-05-11,7563.870000000003,15.824989016047036
494,3846,Mouse,Accessories,North,1,27600,20383.15,2026-01-27,7216.8499999999985,26.14800724637681
495,3434,Keyboard,Accessories,East,4,39493,32487.63,2025-05-13,7005.369999999999,17.738257412706044
496,2277,Mouse,Accessories,West,4,45510,26067.48,2026-04-10,19442.52,42.72142386288728
497,3318,Keyboard,Accessories,West,3,22793,14497.25,2025-12-18,8295.75,36.39604264467161
498,2754,Phone,Electronics,South,1,32326,18535.42,2026-04-09,13790.580000000002,42.66095403081111
499,3389,Monitor,Electronics,South,4,41150,32582.63,2026-02-26,8567.369999999999,20.819854191980554
500,3475,Monitor,Electronics,South,3,30173,19220.71,2026-03-07,10952.29,36.298313061346235
501,4324,Keyboard,Accessories,South,4,2045,1719.34,2025-08-28,325.6600000000001,15.92469437652812
502,2163,Monitor,Electronics,South,1,8899,4874.59,2025-07-15,4024.41,45.22317114282504
503,1166,Phone,Electronics,South,2,22798,19741.18,2025-08-24,3056.8199999999997,13.408281428195453
504,4392,Monitor,Electronics,East,4,24546,20906.5,2026-03-22,3639.5,14.827263097857085
505,2204,Printer,Office,South,1,49071,41883.53,2025-10-14,7187.470000000001,14.647082798394164
506,2688,Monitor,Electronics,South,1,32069,21353.15,2025-05-18,10715.849999999999,33.41498019894602
507,3211,Mouse,Accessories,North,2,16694,9289.75,2025-10-28,7404.25,44.35276147118725
508,3916,Mouse,Accessories,South,3,20398,12683.41,2026-01-23,7714.59,37.82032552211001
509,3062,Monitor,Electronics,East,2,31280,27611.18,2025-11-12,3668.8199999999997,11.7289641943734
510,4703,Phone,Electronics,East,2,29272,21693.53,2025-05-16,7578.470000000001,25.889826455315664
511,2842,Phone,Electronics,North,1,32721,22182.05,2025-06-03,10538.95,32.20852052198894
512,3357,Keyboard,Accessories,East,4,35130,23784.0,2025-08-29,11346.0,32.29718189581554
513,3430,Laptop,Electronics,East,2,46479,24007.27,2025-12-23,22471.73,48.34813571720562
514,4379,Keyboard,Accessories,North,1,9213,5148.21,2026-02-17,4064.79,44.120156300879195
515,2404,Laptop,Electronics,South,2,47949,34007.21,2025-08-16,13941.79,29.076289390811073
516,4776,Keyboard,Accessories,North,1,39518,33272.73,2026-02-04,6245.269999999997,15.80360848221063
517,4648,Mouse,Accessories,West,4,11401,7868.39,2026-04-10,3532.6099999999997,30.985089027278306
518,3162,Laptop,Electronics,West,5,46109,31484.41,2026-01-15,14624.59,31.717430436574208
519,3414,Mouse,Accessories,South,1,21310,13730.43,2026-03-31,7579.57,35.56813702487095
520,4431,Laptop,Electronics,West,3,22337,12926.2,2025-11-09,9410.8,42.13099341899091
521,2015,Printer,Office,West,5,28153,22631.96,2025-10-12,5521.040000000001,19.61084076297375
522,4272,Keyboard,Accessories,West,3,30786,23315.67,2025-11-29,7470.330000000002,24.26534788540246
523,1638,Printer,Office,West,5,37321,32275.22,2026-03-06,5045.779999999999,13.519948554433158
524,1698,Keyboard,Accessories,West,1,991,867.4,2025-07-04,123.60000000000002,12.472250252270436
525,2423,Mouse,Accessories,West,4,23978,15789.49,2025-05-29,8188.51,34.15009592126116
526,3793,Mouse,Accessories,South,1,35282,30374.59,2026-02-03,4907.41,13.909103792302025
527,1551,Printer,Office,East,5,44863,28855.91,2026-02-09,16007.09,35.67993669616388
528,2252,Laptop,Electronics,East,4,19245,11349.0,2026-04-27,7896.0,41.02883865939205
529,1618,Keyboard,Accessories,South,1,28972,18702.68,2025-09-24,10269.32,35.445671683004285
530,1179,Printer,Office,East,4,21540,18614.42,2025-10-14,2925.5800000000017,13.582079851439191
531,4818,Keyboard,Accessories,East,3,22587,14622.49,2026-01-11,7964.51,35.26147784123611
532,1009,Monitor,Electronics,East,4,29838,21291.37,2026-01-03,8546.630000000001,28.643441249413502
533,3267,Keyboard,Accessories,West,1,1559,1040.18,2026-03-05,518.8199999999999,33.27902501603592
534,4022,Mouse,Accessories,North,2,40975,23158.18,2025-10-14,17816.82,43.48217205613179
535,1290,Monitor,Electronics,North,2,8289,4547.16,2026-05-04,3741.84,45.14223669923996
536,4234,Laptop,Electronics,West,5,12947,8879.76,2025-11-07,4067.24,31.41453618598903
537,1335,Phone,Electronics,North,3,26432,20069.64,2025-05-12,6362.360000000001,24.070671912832932
538,4405,Printer,Office,West,3,4711,2884.98,2026-01-18,1826.02,38.76077265973254
539,4526,Phone,Electronics,West,3,43138,36940.65,2025-10-04,6197.3499999999985,14.366335945106398
540,4851,Keyboard,Accessories,West,3,46345,37869.21,2025-11-30,8475.79,18.288466932786708
541,3492,Laptop,Electronics,North,4,4833,3169.34,2026-03-24,1663.6599999999999,34.422925719015105
542,3321,Mouse,Accessories,West,1,37601,30574.22,2025-05-06,7026.779999999999,18.687747666285468
543,2663,Mouse,Accessories,West,4,8387,5958.58,2026-02-23,2428.42,28.954572552760226
544,3799,Laptop,Electronics,South,2,8124,7228.23,2025-10-23,895.7700000000004,11.026218611521424
545,3109,Monitor,Electronics,East,4,1508,948.09,2025-09-07,559.91,37.12931034482758
546,4166,Mouse,Accessories,South,5,17788,11067.38,2026-01-29,6720.620000000001,37.78176298628289
547,4434,Phone,Electronics,South,4,30640,18060.34,2025-08-16,12579.66,41.0563315926893
548,1111,Phone,Electronics,West,4,26435,21828.04,2025-11-20,4606.959999999999,17.427501418573858
549,1093,Laptop,Electronics,North,1,25297,18676.06,2025-12-25,6620.939999999999,26.172826817409174
550,4638,Monitor,Electronics,North,4,25565,22308.61,2026-05-05,3256.3899999999994,12.737688245648346
551,2217,Phone,Electronics,North,1,18928,9997.14,2026-04-11,8930.86,47.183326289095525
552,3005,Printer,Office,South,1,47125,40292.67,2025-12-19,6832.330000000002,14.498312997347485
553,1833,Keyboard,Accessories,West,5,48419,29566.31,2025-11-21,18852.69,38.93655383217332
554,4440,Keyboard,Accessories,North,2,48646,34275.01,2025-07-25,14370.989999999998,29.541976729844176
555,4807,Printer,Office,West,4,5289,3694.03,2025-12-21,1594.9699999999998,30.156362261297026
556,2227,Keyboard,Accessories,West,4,23878,19273.4,2025-06-18,4604.5999999999985,19.28385961973364
557,1504,Phone,Electronics,South,3,20489,17381.47,2025-09-23,3107.529999999999,15.166821221143046
558,4962,Mouse,Accessories,South,4,18020,12682.43,2025-05-28,5337.57,29.620255271920087
559,3968,Mouse,Accessories,South,3,46628,33812.66,2025-06-18,12815.339999999997,27.484215492836917
560,4479,Printer,Office,East,2,37981,29966.63,2026-01-08,8014.369999999999,21.100997867354724
561,4810,Laptop,Electronics,North,5,12403,8041.14,2026-02-07,4361.86,35.167781988228654
562,4492,Monitor,Electronics,North,5,38943,30881.21,2025-09-23,8061.790000000001,20.701512466938862
563,3850,Keyboard,Accessories,South,5,45223,33969.89,2025-08-04,11253.11,24.883599053578934
564,1337,Printer,Office,West,1,41578,33292.01,2025-07-26,8285.989999999998,19.928784453316652
565,4745,Laptop,Electronics,West,1,49444,39377.48,2025-10-31,10066.519999999997,20.359436938758993
566,3222,Monitor,Electronics,North,1,46347,33413.52,2025-07-31,12933.480000000003,27.905754417761674
567,1185,Mouse,Accessories,North,2,29181,15377.7,2026-02-17,13803.3,47.30235427161509
568,3975,Keyboard,Accessories,West,2,42491,33448.69,2026-01-31,9042.309999999998,21.280529994587084
569,3422,Keyboard,Accessories,West,2,22107,13562.16,2025-12-28,8544.84,38.65219161351608
570,1616,Monitor,Electronics,West,4,46453,41783.53,2026-03-25,4669.470000000001,10.052031085182875
571,4783,Laptop,Electronics,East,5,17982,10999.02,2025-10-20,6982.98,38.83316649983317
572,2763,Laptop,Electronics,South,1,1402,919.39,2025-07-10,482.61,34.42296718972896
573,2059,Keyboard,Accessories,North,1,23298,13694.71,2026-01-06,9603.29,41.219375053652676
574,2981,Keyboard,Accessories,South,3,41790,34621.31,2026-03-14,7168.690000000002,17.154079923426664
575,1575,Mouse,Accessories,East,3,24196,16025.26,2026-03-14,8170.74,33.76897007769879
576,2157,Keyboard,Accessories,North,4,19092,12063.8,2025-10-15,7028.200000000001,36.81227739367275
577,3532,Phone,Electronics,West,1,47077,41061.0,2025-09-02,6016.0,12.779064086496591
578,4093,Laptop,Electronics,East,1,15655,13716.53,2026-01-15,1938.4699999999993,12.382433727243688
579,1591,Printer,Office,South,1,24344,14580.42,2025-08-02,9763.58,40.106720341767996
580,1886,Phone,Electronics,South,2,40284,23334.76,2025-05-29,16949.24,42.07437195909046
581,4007,Printer,Office,West,2,48746,33549.92,2026-02-09,15196.080000000002,31.174004020842737
582,1926,Monitor,Electronics,South,4,49289,42616.64,2025-12-29,6672.360000000001,13.53721925784658
583,3819,Phone,Electronics,North,4,1809,1482.72,2026-04-11,326.28,18.036484245439468
584,3545,Mouse,Accessories,North,5,10151,8398.17,2026-04-13,1752.83,17.26755984632056
585,1971,Laptop,Electronics,South,5,9818,7949.75,2025-11-13,1868.25,19.02882460786311
586,3640,Mouse,Accessories,South,2,48741,35642.75,2025-12-26,13098.25,26.873166328142634
587,4269,Keyboard,Accessories,South,4,33291,28938.89,2025-07-06,4352.110000000001,13.072932624433031
588,4046,Printer,Office,East,2,36772,21445.13,2025-07-25,15326.869999999999,41.680816925921896
589,1165,Laptop,Electronics,South,3,46448,30597.58,2025-12-21,15850.419999999998,34.12508611780916
590,1185,Phone,Electronics,South,2,25895,18183.4,2025-11-30,7711.5999999999985,29.780266460706695
591,2072,Mouse,Accessories,South,2,16152,8560.68,2025-12-12,7591.32,46.99925705794948
592,1108,Phone,Electronics,North,2,17887,15042.32,2026-01-03,2844.6800000000003,15.903617152121654
593,2357,Phone,Electronics,East,3,5433,3741.05,2026-01-29,1691.9499999999998,31.1420946070311
594,1829,Printer,Office,South,1,21342,11023.09,2026-04-29,10318.91,48.35024833661325
595,2528,Phone,Electronics,South,2,34439,28318.65,2026-04-04,6120.3499999999985,17.77156711867359
596,3240,Monitor,Electronics,West,5,33250,24022.02,2025-12-14,9227.98,27.753323308270677
597,1316,Printer,Office,West,4,20131,12744.73,2025-12-26,7386.27,36.69102379414833
598,1988,Keyboard,Accessories,North,3,47464,24571.1,2025-05-09,22892.9,48.232133827743134
599,1625,Monitor,Electronics,West,4,39932,30537.18,2025-11-24,9394.82,23.527045978162874
600,3493,Keyboard,Accessories,South,2,32244,28044.37,2025-06-05,4199.630000000001,13.02453169581938
601,2010,Monitor,Electronics,East,4,40964,24399.39,2025-11-19,16564.61,40.43699345767015
602,1615,Printer,Office,North,2,26976,23305.0,2026-03-19,3671.0,13.608392645314355
603,3116,Printer,Office,East,3,35622,30028.32,2025-09-21,5593.68,15.70288024254674
604,1384,Keyboard,Accessories,South,3,44868,39060.35,2026-03-08,5807.6500000000015,12.943857537666045
605,1794,Mouse,Accessories,South,3,11284,8240.77,2025-05-16,3043.2299999999996,26.969425735554765
606,1344,Monitor,Electronics,South,4,40344,27220.57,2026-04-27,13123.43,32.52882708705136
607,2594,Mouse,Accessories,North,2,37779,32587.2,2025-11-23,5191.799999999999,13.742555387913919
608,4293,Laptop,Electronics,North,2,2323,2014.2,2025-10-10,308.79999999999995,13.29315540249677
609,3435,Phone,Electronics,North,1,26286,14710.05,2025-09-30,11575.95,44.03846153846154
610,1377,Printer,Office,South,4,17807,15754.33,2025-08-25,2052.67,11.527320716572136
611,4261,Mouse,Accessories,West,1,45054,31865.13,2025-07-08,13188.869999999999,29.273471833799437
612,3002,Keyboard,Accessories,East,3,32300,25386.83,2025-09-30,6913.169999999998,21.403003095975226
613,2210,Phone,Electronics,North,3,49983,29013.08,2026-03-18,20969.92,41.95410439549446
614,3719,Mouse,Accessories,North,3,15337,8875.83,2025-06-18,6461.17,42.12799113255526
615,1120,Mouse,Accessories,East,3,47295,29089.91,2026-02-01,18205.09,38.49263135638017
616,2825,Laptop,Electronics,North,4,7554,5833.5,2025-10-24,1720.5,22.776012708498808
617,1883,Mouse,Accessories,West,1,26174,22625.53,2025-12-09,3548.470000000001,13.55723236799878
618,3205,Keyboard,Accessories,North,2,32009,26063.86,2025-12-12,5945.139999999999,18.57333874847699
619,1066,Laptop,Electronics,South,4,34157,26249.73,2025-07-25,7907.27,23.149778961852626
620,4706,Keyboard,Accessories,South,3,25430,16896.31,2025-09-07,8533.689999999999,33.55756979944947
621,4996,Printer,Office,South,1,44325,30371.35,2025-10-10,13953.650000000001,31.48031584884377
622,1371,Keyboard,Accessories,South,4,28844,20302.12,2025-11-19,8541.880000000001,29.61406184995147
623,4339,Printer,Office,East,1,41271,36506.89,2026-03-06,4764.110000000001,11.543480894574884
624,3084,Keyboard,Accessories,South,4,18016,10499.4,2026-03-29,7516.6,41.7218028419183
625,4470,Keyboard,Accessories,West,3,8092,4581.17,2025-08-06,3510.83,43.38643104300544
626,4172,Keyboard,Accessories,North,2,2350,2015.15,2025-09-08,334.8499999999999,14.248936170212762
627,3677,Laptop,Electronics,East,4,29426,25341.32,2025-06-05,4084.6800000000003,13.881193502344866
628,2074,Mouse,Accessories,North,5,36175,20158.02,2026-04-22,16016.98,44.276378714581895
629,4665,Mouse,Accessories,West,1,32016,18557.16,2026-01-03,13458.84,42.03785607196402
630,2166,Laptop,Electronics,East,5,34605,21378.14,2025-08-19,13226.86,38.222395607571165
631,3908,Mouse,Accessories,West,5,5633,5034.16,2026-02-02,598.8400000000001,10.630924906799223
632,4922,Laptop,Electronics,East,5,11350,6250.6,2026-05-03,5099.4,44.92863436123348
633,4318,Printer,Office,South,4,10896,6779.42,2025-09-21,4116.58,37.780653450807634
634,2868,Laptop,Electronics,East,1,44855,31784.48,2025-10-10,13070.52,29.139493924869026
635,4488,Phone,Electronics,South,3,28134,14808.21,2026-03-04,13325.79,47.36542972915334
636,3726,Laptop,Electronics,East,4,8754,5351.46,2026-04-17,3402.54,38.868403015764216
637,2453,Printer,Office,South,2,4469,2812.02,2025-07-07,1656.98,37.0771984784068
638,1987,Keyboard,Accessories,West,5,37197,33106.8,2026-01-14,4090.199999999997,10.996048068392604
639,3889,Keyboard,Accessories,South,2,19582,10440.02,2025-11-05,9141.98,46.68562965989174
640,4911,Printer,Office,South,5,2038,1101.29,2025-08-19,936.71,45.9622178606477
641,4472,Mouse,Accessories,West,5,32417,24410.21,2025-11-25,8006.790000000001,24.699355276552428
642,4928,Monitor,Electronics,South,4,19719,16044.52,2026-02-18,3674.4799999999996,18.634210659769764
643,2133,Phone,Electronics,North,1,24227,16889.07,2025-07-26,7337.93,30.288232137697612
644,3025,Monitor,Electronics,North,2,29076,20566.65,2026-03-21,8509.349999999999,29.26588939331407
645,4119,Monitor,Electronics,South,3,47713,32009.07,2025-07-08,15703.93,32.913315029446906
646,1316,Keyboard,Accessories,South,5,35789,25422.15,2026-02-10,10366.849999999999,28.96658191064293
647,2832,Printer,Office,South,1,36677,27503.48,2025-12-12,9173.52,25.01164217356927
648,1411,Monitor,Electronics,North,1,10968,6464.86,2026-03-15,4503.14,41.05707512764406
649,1757,Phone,Electronics,North,5,28096,14992.89,2025-06-14,13103.11,46.63692340546697
650,3990,Laptop,Electronics,South,3,33444,27232.51,2026-02-17,6211.490000000002,18.57280827652195
651,1741,Printer,Office,West,1,711,605.72,2025-08-21,105.27999999999997,14.807313642756679
652,1183,Printer,Office,West,4,26492,17508.92,2025-10-11,8983.080000000002,33.90865166842821
653,2151,Mouse,Accessories,South,1,2564,1561.2,2026-02-24,1002.8,39.11076443057722
654,3121,Phone,Electronics,South,3,6544,4941.38,2025-10-17,1602.62,24.489914425427873
655,4480,Printer,Office,West,5,47680,26135.7,2026-04-14,21544.3,45.185192953020135
656,1349,Monitor,Electronics,East,3,14185,10786.62,2025-08-23,3398.379999999999,23.95756080366584
657,3838,Phone,Electronics,North,3,1317,983.75,2025-08-11,333.25,25.303720577069093
658,4118,Keyboard,Accessories,South,1,29783,24320.44,2025-12-22,5462.560000000001,18.341201356478532
659,2636,Laptop,Electronics,North,4,9994,7569.57,2025-08-24,2424.4300000000003,24.258855313187915
660,2691,Monitor,Electronics,South,5,48949,29454.35,2025-07-02,19494.65,39.82645202149176
661,3997,Mouse,Accessories,South,3,21821,17476.26,2026-04-20,4344.740000000002,19.910819852435736
662,2051,Printer,Office,South,4,31068,20887.66,2026-01-18,10180.34,32.76792841508948
663,1099,Laptop,Electronics,North,2,37254,25760.0,2025-06-16,11494.0,30.853062758361517
664,1945,Laptop,Electronics,East,3,42559,30838.26,2025-09-06,11720.740000000002,27.53997979275829
665,1013,Keyboard,Accessories,East,3,35672,22459.12,2025-12-02,13212.880000000001,37.039919264409065
666,1277,Phone,Electronics,West,1,6279,3560.36,2025-07-27,2718.64,43.2973403408186
667,1196,Laptop,Electronics,West,4,49546,31516.61,2025-11-06,18029.39,36.38919388043435
668,3856,Phone,Electronics,South,5,7538,5151.17,2026-03-28,2386.83,31.663969222605466
669,4407,Monitor,Electronics,South,4,20221,17216.46,2026-04-29,3004.540000000001,14.85851342663568
670,2311,Printer,Office,South,5,21304,12724.05,2026-04-22,8579.95,40.27389222681187
671,1855,Phone,Electronics,South,4,21779,16217.18,2026-02-24,5561.82,25.537536158684972
672,2422,Printer,Office,South,1,21437,16586.5,2025-08-06,4850.5,22.62676680505668
673,4913,Keyboard,Accessories,East,3,11233,8825.66,2026-03-06,2407.34,21.430962343096237
674,1203,Monitor,Electronics,North,4,17682,11606.69,2026-01-10,6075.3099999999995,34.3587263884176
675,2951,Keyboard,Accessories,East,2,15665,8897.28,2025-09-06,6767.719999999999,43.20280880944781
676,2872,Mouse,Accessories,East,2,48666,41244.88,2026-02-11,7421.120000000003,15.249085603912388
677,2762,Printer,Office,South,2,11877,8668.84,2026-02-15,3208.16,27.011534899385364
678,3727,Laptop,Electronics,West,5,27387,15889.33,2025-11-23,11497.67,41.9822178405813
679,3568,Mouse,Accessories,South,3,48931,30205.28,2025-11-07,18725.72,38.26964501032066
680,3131,Printer,Office,West,4,32141,16962.16,2026-01-18,15178.84,47.225786378768554
681,2122,Laptop,Electronics,East,3,35169,28819.68,2025-11-06,6349.32,18.053740510108334
682,1751,Phone,Electronics,South,5,46281,33625.08,2025-08-15,12655.919999999998,27.34582225967459
683,4518,Printer,Office,South,3,25975,18886.58,2025-09-18,7088.419999999998,27.2893936477382
684,2576,Printer,Office,South,3,5014,3008.94,2025-06-19,2005.06,39.98923015556442
685,1947,Keyboard,Accessories,East,4,3118,2484.95,2026-04-14,633.0500000000002,20.303078896728678
686,4313,Monitor,Electronics,South,5,16767,12970.23,2026-05-03,3796.7700000000004,22.644301306137056
687,4940,Mouse,Accessories,West,3,30695,17319.69,2025-07-19,13375.310000000001,43.57488190259
688,4465,Keyboard,Accessories,North,1,26756,16949.63,2026-02-21,9806.369999999999,36.65110629391538
689,3053,Printer,Office,North,2,20105,11179.15,2025-07-21,8925.85,44.39617010693858
690,4051,Keyboard,Accessories,East,4,15133,10738.75,2026-03-29,4394.25,29.037533866384724
691,2970,Laptop,Electronics,South,2,8974,7092.21,2026-03-16,1881.79,20.969355917093825
692,3189,Laptop,Electronics,North,1,34740,30437.25,2025-12-22,4302.75,12.385578583765113
693,4885,Keyboard,Accessories,West,5,12637,7800.35,2026-05-03,4836.65,38.27372002848777
694,4196,Laptop,Electronics,South,4,33001,19021.1,2025-12-28,13979.900000000001,42.36204963485955
695,2615,Printer,Office,North,3,14068,8836.68,2026-03-04,5231.32,37.18595393801535
696,3932,Printer,Office,South,3,1461,774.6,2026-04-05,686.4,46.98151950718686
697,3416,Printer,Office,South,4,1605,961.26,2025-09-07,643.74,40.10841121495327
698,1605,Mouse,Accessories,South,5,35517,19729.74,2026-02-21,15787.259999999998,44.44986907678013
699,1144,Mouse,Accessories,East,5,40059,29511.4,2025-07-08,10547.599999999999,26.33016300956089
700,4518,Printer,Office,North,2,41334,25220.46,2026-02-12,16113.54,38.98374219770649
701,3237,Printer,Office,West,1,1822,1352.34,2025-05-21,469.6600000000001,25.77716794731065
702,3886,Printer,Office,South,2,37890,27815.47,2026-01-23,10074.529999999999,26.588888888888885
703,1802,Printer,Office,East,5,17008,9542.52,2026-03-21,7465.48,43.89393226716839
704,2118,Keyboard,Accessories,West,2,10483,6695.78,2026-05-03,3787.2200000000003,36.127253648764665
705,2927,Monitor,Electronics,North,2,42367,24124.23,2025-05-06,18242.77,43.058913777232284
706,2842,Mouse,Accessories,West,3,42249,29705.31,2025-07-23,12543.689999999999,29.689909820350774
707,4975,Phone,Electronics,East,2,17246,12056.87,2025-05-09,5189.129999999999,30.088890177432443
708,3642,Laptop,Electronics,West,4,3772,3109.9,2025-08-12,662.0999999999999,17.553022269353125
709,2849,Phone,Electronics,North,5,34786,21663.71,2026-02-13,13122.29,37.72290576668775
710,3784,Keyboard,Accessories,East,2,13544,7796.25,2026-03-11,5747.75,42.43761075014767
711,2857,Monitor,Electronics,West,5,5425,4279.79,2025-05-07,1145.21,21.109861751152074
712,1117,Keyboard,Accessories,South,5,33293,25290.46,2025-11-24,8002.540000000001,24.03670441233893
713,3135,Printer,Office,East,1,25799,15493.42,2025-08-09,10305.58,39.94565680840342
714,1353,Laptop,Electronics,North,4,38194,26443.85,2025-05-26,11750.150000000001,30.764387076504168
715,4460,Laptop,Electronics,West,4,25095,19796.31,2026-02-05,5298.689999999999,21.11452480573819
716,4839,Mouse,Accessories,East,5,43415,31673.3,2025-08-01,11741.7,27.04526085454336
717,2349,Printer,Office,East,4,10533,5832.27,2025-08-11,4700.73,44.62859584164055
718,2475,Keyboard,Accessories,South,1,13346,10828.14,2025-08-30,2517.8600000000006,18.86602727408962
719,2568,Monitor,Electronics,West,2,25856,18062.89,2025-06-07,7793.110000000001,30.140431621287135
720,4585,Laptop,Electronics,West,2,10122,7382.28,2025-09-26,2739.7200000000003,27.066982809721402
721,4871,Monitor,Electronics,North,1,23413,16335.77,2025-07-22,7077.23,30.22777943877333
722,2135,Printer,Office,South,2,31061,21280.32,2026-03-20,9780.68,31.488619168732495
723,4916,Laptop,Electronics,South,2,20547,18471.13,2026-03-06,2075.869999999999,10.103032072808677
724,3868,Monitor,Electronics,South,1,37156,19105.51,2025-10-15,18050.49,48.58028313058457
725,4150,Monitor,Electronics,South,5,32912,23112.23,2025-05-26,9799.77,29.77567452600875
726,3909,Phone,Electronics,South,2,1988,1250.46,2026-02-27,737.54,37.09959758551308
727,2485,Printer,Office,South,2,48890,26851.38,2026-02-20,22038.62,45.07797095520556
728,3429,Laptop,Electronics,North,3,17942,10332.4,2025-08-28,7609.6,42.41221714413109
729,2179,Phone,Electronics,West,2,49766,43226.47,2025-08-28,6539.529999999999,13.14055781055339
730,2582,Laptop,Electronics,South,5,45891,23510.82,2025-12-25,22380.18,48.7681244688501
731,1994,Laptop,Electronics,North,1,8637,7324.64,2026-03-29,1312.3599999999997,15.194627764269997
732,1115,Phone,Electronics,South,1,17972,11088.39,2026-05-02,6883.610000000001,38.301858446472295
733,2044,Keyboard,Accessories,East,3,27450,22689.94,2026-02-14,4760.060000000001,17.3408378870674
734,3156,Monitor,Electronics,East,2,3772,2633.6,2026-03-29,1138.4,30.180275715800637
735,3982,Mouse,Accessories,South,4,24668,13907.9,2025-08-11,10760.1,43.61966920706989
736,4965,Printer,Office,South,1,9254,4760.75,2025-11-30,4493.25,48.554679057704774
737,2180,Printer,Office,East,1,23606,12307.14,2025-07-30,11298.86,47.86435651952893
738,1620,Mouse,Accessories,South,5,24881,14390.73,2025-08-08,10490.27,42.16177002532053
739,2693,Mouse,Accessories,North,2,5446,3420.08,2025-09-20,2025.92,37.200146896804995
740,4296,Printer,Office,South,1,34448,19737.01,2025-05-16,14710.990000000002,42.70491755689736
741,2781,Laptop,Electronics,East,4,32586,19428.01,2026-02-25,13157.990000000002,40.379273307555394
742,1468,Phone,Electronics,West,4,19000,15425.36,2026-02-23,3574.6399999999994,18.8138947368421
743,3663,Keyboard,Accessories,North,4,34691,28850.99,2025-05-12,5840.009999999998,16.834366262142915
744,1030,Monitor,Electronics,West,1,28884,17453.93,2025-11-13,11430.07,39.572323777870096
745,1211,Phone,Electronics,North,1,747,472.39,2025-11-06,274.61,36.761713520749666
746,4702,Monitor,Electronics,West,2,12617,11168.53,2026-04-02,1448.4699999999993,11.480304351272089
747,2917,Mouse,Accessories,East,3,45547,24726.0,2025-08-08,20821.0,45.71321931191956
748,3687,Keyboard,Accessories,East,1,15242,9691.82,2025-08-25,5550.18,36.413725232909066
749,1786,Laptop,Electronics,East,3,38894,33056.48,2025-10-02,5837.519999999997,15.008793130045758
750,4313,Monitor,Electronics,South,5,23866,17467.75,2025-06-23,6398.25,26.80905891226012
751,2103,Printer,Office,North,4,42809,22845.45,2026-01-22,19963.55,46.634002195799944
752,1062,Monitor,Electronics,South,3,4878,3730.07,2025-08-12,1147.9299999999998,23.532800328003276
753,3281,Printer,Office,North,5,34003,23941.3,2025-12-20,10061.7,29.59062435667441
754,1639,Phone,Electronics,East,5,12336,10091.59,2026-04-08,2244.41,18.193985084306092
755,3646,Laptop,Electronics,West,5,16239,13900.17,2025-08-01,2338.83,14.402549418067615
756,4237,Printer,Office,East,1,29644,20722.78,2026-03-22,8921.220000000001,30.09452165699636
757,4161,Printer,Office,South,4,44838,31378.52,2025-05-12,13459.48,30.018020429100318
758,1054,Monitor,Electronics,South,2,46465,32798.93,2025-11-24,13666.07,29.411535564403312
759,2512,Laptop,Electronics,East,4,45878,30026.1,2025-05-06,15851.900000000001,34.55229085836349
760,1731,Printer,Office,West,4,23173,20271.35,2026-04-16,2901.6500000000015,12.52168471928538
761,4765,Printer,Office,South,3,41783,31941.71,2025-05-15,9841.29,23.553335088433098
762,4730,Printer,Office,East,2,23796,12472.86,2026-03-13,11323.14,47.58421583459405
763,4653,Keyboard,Accessories,North,5,46362,36136.37,2025-12-02,10225.629999999997,22.05605884129243
764,2497,Phone,Electronics,West,1,18716,9669.01,2025-05-18,9046.99,48.338266723658904
765,1808,Printer,Office,South,4,25000,19436.73,2025-08-18,5563.27,22.253080000000004
766,2012,Mouse,Accessories,North,5,16634,10876.87,2026-01-23,5757.129999999999,34.61061680894553
767,2509,Mouse,Accessories,East,5,39863,28625.16,2026-02-09,11237.84,28.191154704864157
768,3557,Monitor,Electronics,South,5,39009,25622.55,2025-12-16,13386.45,34.3163116203953
769,1974,Monitor,Electronics,North,1,32072,25412.75,2026-03-09,6659.25,20.763438513344973
770,2844,Monitor,Electronics,North,5,49016,32115.79,2025-10-13,16900.21,34.478966051901416
771,3349,Keyboard,Accessories,North,1,35200,29996.91,2026-03-23,5203.09,14.781505681818183
772,2629,Printer,Office,North,1,24563,16018.32,2026-01-30,8544.68,34.786793144159915
773,3193,Printer,Office,North,4,947,700.05,2026-04-15,246.95000000000005,26.077085533262938
774,3461,Phone,Electronics,East,2,3180,2757.59,2025-08-01,422.40999999999985,13.283333333333328
775,4174,Mouse,Accessories,West,5,21143,15880.72,2025-06-09,5262.280000000001,24.88899399328383
776,3327,Mouse,Accessories,East,5,8281,4478.95,2026-04-03,3802.05,45.91293322062553
777,2834,Printer,Office,North,5,12321,9018.17,2025-10-11,3302.83,26.806509211914616
778,3776,Keyboard,Accessories,West,1,36943,21384.2,2026-03-17,15558.8,42.11569174133124
779,2876,Monitor,Electronics,South,1,11007,5563.08,2025-11-20,5443.92,49.45870809484874
780,1750,Keyboard,Accessories,South,2,47550,31019.5,2026-01-27,16530.5,34.764458464773924
781,1631,Phone,Electronics,South,3,23387,18139.61,2026-04-23,5247.389999999999,22.437208705691194
782,3912,Keyboard,Accessories,West,3,26653,23261.61,2026-04-21,3391.3899999999994,12.724233669755748
783,4942,Laptop,Electronics,South,5,27361,21212.78,2026-02-18,6148.220000000001,22.47074302839809
784,1230,Monitor,Electronics,South,3,24441,19133.99,2026-01-20,5307.009999999998,21.713555091853845
785,3232,Keyboard,Accessories,West,2,12527,6485.87,2025-11-12,6041.13,48.224874271573405
786,3670,Mouse,Accessories,East,5,35465,31223.65,2026-03-23,4241.3499999999985,11.95925560411673
787,3988,Mouse,Accessories,North,3,48642,25296.22,2026-02-25,23345.78,47.99510710908269
788,3058,Phone,Electronics,East,1,30009,25774.36,2025-06-08,4234.639999999999,14.11123329667766
789,3987,Monitor,Electronics,North,3,25369,20235.62,2025-10-07,5133.380000000001,20.23485356143325
790,1764,Printer,Office,North,1,16444,8520.59,2025-05-31,7923.41,48.184200924349305
791,2042,Mouse,Accessories,North,1,32959,18066.86,2026-01-22,14892.14,45.183834460997
792,1081,Mouse,Accessories,South,5,8430,5781.36,2025-05-10,2648.6400000000003,31.419217081850537
793,2358,Phone,Electronics,South,2,5170,3317.86,2025-09-17,1852.1399999999999,35.8247582205029
794,3636,Keyboard,Accessories,South,2,23065,13098.09,2025-10-31,9966.91,43.21226967266421
795,1293,Phone,Electronics,East,3,16392,13204.22,2026-03-13,3187.7800000000007,19.447169350902886
796,1440,Monitor,Electronics,East,1,30030,25731.34,2025-12-28,4298.66,14.314552114552114
797,3494,Phone,Electronics,West,2,28162,17135.34,2026-04-30,11026.66,39.154392443718486
798,3204,Monitor,Electronics,South,2,6410,3906.6,2025-11-07,2503.4,39.054602184087365
799,1478,Laptop,Electronics,West,2,40868,26739.33,2025-08-29,14128.669999999998,34.5714740138984
800,3039,Phone,Electronics,West,4,26112,18651.73,2025-11-05,7460.27,28.570274203431374
801,4633,Mouse,Accessories,North,1,24755,16750.11,2025-08-26,8004.889999999999,32.3364572813573
802,2696,Monitor,Electronics,East,2,23256,15206.08,2025-05-20,8049.92,34.614379084967325
803,4829,Laptop,Electronics,East,5,39290,31002.13,2026-03-29,8287.869999999999,21.094095189615675
804,1694,Printer,Office,North,1,42871,34296.41,2026-04-05,8574.589999999997,20.000909705861762
805,2479,Monitor,Electronics,North,2,21332,14143.95,2026-03-07,7188.049999999999,33.69609038064878
806,4883,Laptop,Electronics,North,4,6239,4984.21,2026-05-05,1254.79,20.112037185446386
807,1458,Mouse,Accessories,South,2,37731,28789.06,2026-04-04,8941.939999999999,23.699186345445387
808,2089,Monitor,Electronics,West,1,19516,11379.84,2026-03-30,8136.16,41.68969051035048
809,4214,Mouse,Accessories,West,5,13128,11153.59,2025-06-24,1974.4099999999999,15.039686166971359
810,4536,Keyboard,Accessories,East,1,6256,4170.56,2025-12-11,2085.4399999999996,33.33503836317135
811,1909,Keyboard,Accessories,South,5,15189,11996.37,2025-06-13,3192.629999999999,21.019356112976492
812,4451,Phone,Electronics,West,1,10095,6364.22,2025-07-30,3730.7799999999997,36.956711243189694
813,4066,Keyboard,Accessories,South,4,39401,19720.53,2026-04-16,19680.47,49.94916372680896
814,1610,Monitor,Electronics,West,2,20258,14093.61,2025-08-17,6164.389999999999,30.429410603218475
815,2402,Mouse,Accessories,North,1,28772,22274.09,2026-01-09,6497.91,22.584144306965104
816,1861,Monitor,Electronics,North,4,45616,36192.28,2025-06-06,9423.720000000001,20.65880392844616
817,3994,Monitor,Electronics,North,2,47944,36263.12,2025-07-10,11680.879999999997,24.36359085599866
818,4371,Laptop,Electronics,East,2,30493,25691.2,2026-02-26,4801.799999999999,15.747220673597218
819,3770,Printer,Office,South,1,36474,20633.53,2025-06-26,15840.470000000001,43.42948401601141
820,4057,Keyboard,Accessories,East,5,27523,14529.14,2025-12-31,12993.86,47.21091450786615
821,1803,Laptop,Electronics,North,2,28255,16068.02,2026-04-30,12186.98,43.13211820916652
822,1149,Keyboard,Accessories,West,2,48195,42201.23,2026-04-05,5993.769999999997,12.436497561987752
823,2764,Mouse,Accessories,South,5,35150,27393.33,2025-11-16,7756.669999999998,22.067339971550492
824,3470,Printer,Office,East,3,36142,21958.77,2025-09-28,14183.23,39.243069005589064
825,3769,Keyboard,Accessories,South,1,35760,25962.9,2025-10-02,9797.099999999999,27.396812080536908
826,1727,Laptop,Electronics,North,3,46556,37251.57,2025-06-23,9304.43,19.985458372712433
827,4111,Monitor,Electronics,North,1,28765,14665.37,2026-01-12,14099.63,49.01661741699982
828,2147,Keyboard,Accessories,West,1,34356,21365.84,2026-02-12,12990.16,37.81045523343812
829,2587,Monitor,Electronics,South,3,31808,23528.85,2025-06-08,8279.150000000001,26.028514839034212
830,1548,Printer,Office,East,2,29460,22860.08,2025-12-22,6599.919999999998,22.4029871011541
831,3660,Keyboard,Accessories,East,4,17121,9459.28,2026-03-22,7661.719999999999,44.7504234565738
832,3871,Printer,Office,North,2,29115,25037.67,2025-10-23,4077.3300000000017,14.004224626481202
833,2911,Laptop,Electronics,West,4,46628,37936.54,2025-08-04,8691.46,18.6400017157073
834,3675,Printer,Office,North,5,41022,26034.58,2026-01-28,14987.419999999998,36.53507873823801
835,1527,Laptop,Electronics,South,2,4577,3209.08,2026-04-02,1367.92,29.886825431505354
836,4870,Phone,Electronics,South,5,39644,26474.48,2026-04-02,13169.52,33.21945313288266
837,4380,Laptop,Electronics,South,3,32756,24281.9,2026-04-25,8474.099999999999,25.870374893149346
838,3748,Mouse,Accessories,West,3,37420,30973.4,2025-06-13,6446.5999999999985,17.227685729556384
839,3408,Laptop,Electronics,South,2,27133,14098.2,2026-03-21,13034.8,48.040393616629196
840,2479,Keyboard,Accessories,West,3,19827,13747.46,2026-01-09,6079.540000000001,30.66293438240783
841,1983,Laptop,Electronics,North,5,34386,26478.64,2026-02-06,7907.360000000001,22.99587041237713
842,1363,Phone,Electronics,South,2,48012,41120.19,2026-01-25,6891.809999999998,14.354348912771803
843,4967,Laptop,Electronics,West,2,3170,2179.21,2025-12-23,990.79,31.25520504731861
844,3111,Monitor,Electronics,North,4,6639,3789.26,2025-05-28,2849.74,42.92423557764724
845,2478,Monitor,Electronics,North,4,45298,32725.24,2025-10-20,12572.759999999998,27.7556625016557
846,3867,Printer,Office,South,4,16337,12329.88,2025-08-06,4007.120000000001,24.527881495990698
847,4731,Printer,Office,East,3,18921,12829.45,2025-07-29,6091.549999999999,32.19465144548385
848,4685,Printer,Office,East,5,7458,4175.82,2025-09-12,3282.1800000000003,44.008849557522126
849,3610,Mouse,Accessories,West,1,22200,14859.99,2026-04-23,7340.01,33.06310810810811
850,4806,Monitor,Electronics,South,1,19822,16024.9,2026-02-04,3797.1000000000004,19.155988295832916
851,2240,Printer,Office,South,3,41362,27377.64,2025-09-01,13984.36,33.8096803829602
852,1749,Phone,Electronics,North,3,19407,15284.1,2025-10-31,4122.9,21.244396351831814
853,4855,Mouse,Accessories,East,2,44384,33022.62,2025-12-05,11361.379999999997,25.597918168709437
854,3170,Printer,Office,East,4,41317,24229.96,2026-01-26,17087.04,41.35595517583561
855,4137,Monitor,Electronics,North,1,24940,14244.82,2025-08-21,10695.18,42.88364073777065
856,3268,Printer,Office,North,5,9685,5194.26,2025-11-13,4490.74,46.36799173980381
857,1980,Printer,Office,North,3,8126,6884.82,2025-08-21,1241.1800000000003,15.274181639182874
858,4933,Laptop,Electronics,South,3,2819,1564.47,2025-08-18,1254.53,44.50266051791416
859,4559,Phone,Electronics,South,3,46423,29992.27,2025-08-14,16430.73,35.39351183680503
860,1585,Laptop,Electronics,East,1,30989,17735.09,2025-08-20,13253.91,42.76972474103714
861,2641,Monitor,Electronics,East,3,43134,37614.24,2025-05-08,5519.760000000002,12.796772847405762
862,3850,Mouse,Accessories,South,1,31240,27463.33,2026-01-14,3776.6699999999983,12.08921254801536
863,2061,Keyboard,Accessories,East,3,23061,18597.97,2026-04-24,4463.029999999999,19.35315034040154
864,2379,Monitor,Electronics,East,5,28759,19551.53,2026-01-27,9207.470000000001,32.01596022114816
865,4332,Phone,Electronics,South,5,38573,23760.7,2025-07-28,14812.3,38.400694786508694
866,2811,Phone,Electronics,West,1,9425,7032.37,2026-01-03,2392.63,25.38599469496021
867,3586,Laptop,Electronics,South,2,17547,9650.74,2025-09-14,7896.26,45.000626887787085
868,4608,Monitor,Electronics,West,3,31791,26986.3,2026-03-08,4804.700000000001,15.113396873328933
869,4589,Laptop,Electronics,South,4,2619,2239.74,2025-07-09,379.2600000000002,14.481099656357395
870,2622,Keyboard,Accessories,East,2,33396,21263.04,2025-11-04,12132.96,36.33057851239669
871,4976,Laptop,Electronics,North,4,16110,10112.51,2025-07-12,5997.49,37.22836747361887
872,4698,Laptop,Electronics,North,3,12512,6610.51,2025-08-14,5901.49,47.16664002557545
873,4886,Printer,Office,West,4,38452,32215.81,2025-08-26,6236.189999999999,16.21811609279101
874,1781,Laptop,Electronics,West,4,29272,17123.68,2026-01-17,12148.32,41.50150314293523
875,3146,Phone,Electronics,North,1,9427,4974.36,2025-05-24,4452.64,47.23284183727591
876,3708,Mouse,Accessories,East,2,15325,8709.59,2025-05-11,6615.41,43.16743882544861
877,3247,Mouse,Accessories,East,3,11812,8748.76,2025-07-03,3063.24,25.933288181510328
878,4476,Monitor,Electronics,North,2,14011,7529.83,2026-01-10,6481.17,46.25772607237171
879,2522,Monitor,Electronics,South,1,21165,19006.28,2025-09-30,2158.720000000001,10.199480274037331
880,1847,Phone,Electronics,South,2,37305,25531.24,2025-09-29,11773.759999999998,31.560809542956704
881,1232,Printer,Office,East,3,4785,2556.38,2026-04-30,2228.62,46.575130616509924
882,2527,Printer,Office,South,5,41730,27290.09,2025-07-24,14439.91,34.6031871555236
883,3345,Mouse,Accessories,North,2,15002,11380.66,2026-04-09,3621.34,24.139048126916414
884,2429,Laptop,Electronics,West,5,36653,19449.31,2026-01-21,17203.69,46.93664911467001
885,4750,Keyboard,Accessories,South,3,32345,26877.31,2026-03-13,5467.689999999999,16.90428196011748
886,4981,Monitor,Electronics,North,4,24740,15031.7,2026-03-05,9708.3,39.241309620048504
887,1318,Mouse,Accessories,North,2,37913,25800.51,2026-01-09,12112.490000000002,31.948118059768422
888,2828,Printer,Office,West,4,28216,20330.43,2025-06-06,7885.57,27.94715764105472
889,1934,Phone,Electronics,East,4,43537,37587.22,2025-08-20,5949.779999999999,13.666031191859796
890,1491,Keyboard,Accessories,North,3,6532,5790.34,2025-12-12,741.6599999999999,11.354255970606244
891,1457,Printer,Office,West,3,6502,4992.77,2025-07-19,1509.2299999999996,23.211780990464465
892,1653,Keyboard,Accessories,East,2,40077,28853.48,2025-05-19,11223.52,28.004890585622675
893,2160,Mouse,Accessories,East,2,32190,25846.01,2025-12-26,6343.990000000002,19.70795278036658
894,2604,Printer,Office,South,5,7423,4134.7,2025-10-23,3288.3,44.29880102384481
895,3319,Phone,Electronics,South,3,6890,3768.14,2026-02-15,3121.86,45.3100145137881
896,4115,Monitor,Electronics,South,1,22951,13499.82,2025-10-26,9451.18,41.17981787285957
897,3686,Printer,Office,West,4,3170,1702.5,2026-02-09,1467.5,46.29337539432177
898,2568,Laptop,Electronics,West,5,11737,7712.16,2025-10-24,4024.84,34.29189741842038
899,3173,Mouse,Accessories,North,2,39419,23852.61,2025-11-20,15566.39,39.48956087166087
900,3346,Phone,Electronics,South,2,19591,15852.16,2026-04-11,3738.84,19.084477566229392
901,2210,Laptop,Electronics,North,5,40308,31391.2,2026-04-06,8916.8,22.121663193410733
902,2239,Phone,Electronics,South,1,15381,12730.23,2026-04-19,2650.7700000000004,17.23405500292569
903,3974,Printer,Office,South,2,15079,8901.95,2025-10-28,6177.049999999999,40.96458651104184
904,4272,Mouse,Accessories,South,2,48746,29526.11,2025-06-18,19219.89,39.42865055594305
905,2897,Monitor,Electronics,East,3,21938,13194.06,2025-12-16,8743.94,39.8575075211961
906,3861,Printer,Office,South,2,33818,22065.54,2026-01-31,11752.46,34.752084688627356
907,1261,Printer,Office,East,4,27842,15136.06,2025-11-08,12705.94,45.63587385963652
908,4516,Mouse,Accessories,East,3,35619,19327.99,2025-06-18,16291.009999999998,45.7368539262753
909,3337,Laptop,Electronics,East,4,46378,23989.32,2026-04-17,22388.68,48.27435421967312
910,1119,Mouse,Accessories,North,3,35574,28051.24,2025-08-12,7522.759999999998,21.146792601338053
911,1535,Phone,Electronics,West,5,4412,2873.33,2025-05-07,1538.67,34.87466001813237
912,4825,Laptop,Electronics,South,1,32296,24768.47,2025-11-28,7527.529999999999,23.307932870943766
913,4121,Phone,Electronics,North,5,8550,7272.33,2026-02-15,1277.67,14.943508771929825
914,1699,Laptop,Electronics,South,3,17028,13314.1,2026-01-23,3713.8999999999996,21.810547333803147
915,4967,Monitor,Electronics,East,1,48462,39852.96,2025-09-10,8609.04,17.764516528414017
916,4700,Printer,Office,North,2,779,440.3,2025-06-08,338.7,43.4788189987163
917,3460,Keyboard,Accessories,East,5,35641,23532.0,2025-09-04,12109.0,33.974916528716925
918,3921,Monitor,Electronics,North,1,45717,37677.29,2026-01-30,8039.709999999999,17.585821466850405
919,2286,Monitor,Electronics,East,4,17924,15731.48,2025-10-22,2192.5200000000004,12.232314215576883
920,1566,Mouse,Accessories,East,5,4367,3509.04,2026-04-27,857.96,19.646439203114266
921,4643,Keyboard,Accessories,East,4,45847,26591.93,2026-02-26,19255.07,41.998538617575846
922,1457,Printer,Office,North,4,14578,9070.25,2025-06-27,5507.75,37.78124571271779
923,3996,Mouse,Accessories,North,3,41935,28860.28,2026-01-10,13074.720000000001,31.178538213902474
924,2367,Monitor,Electronics,North,3,8747,7395.39,2025-10-16,1351.6099999999997,15.452269349491251
925,2851,Monitor,Electronics,East,4,24357,17789.49,2026-04-06,6567.509999999998,26.963542308166023
926,4085,Laptop,Electronics,East,1,14764,10550.43,2025-06-03,4213.57,28.53948794364671
927,1326,Printer,Office,West,2,28836,20744.24,2026-01-14,8091.759999999998,28.06131224857816
928,1287,Printer,Office,West,2,14517,10891.04,2025-09-01,3625.959999999999,24.97733691534063
929,2768,Keyboard,Accessories,North,1,10150,6728.51,2026-03-02,3421.49,33.70926108374384
930,3352,Phone,Electronics,East,1,1272,801.51,2025-06-01,470.49,36.98820754716981
931,4832,Laptop,Electronics,North,3,16692,9559.02,2025-11-21,7132.98,42.73292595255212
932,4754,Phone,Electronics,South,1,46144,34810.95,2025-05-06,11333.050000000003,24.560181171983363
933,3409,Monitor,Electronics,East,5,14915,7511.82,2026-01-21,7403.18,49.63580288300369
934,3449,Phone,Electronics,North,3,42270,25617.01,2025-08-10,16652.99,39.39671161580318
935,3398,Monitor,Electronics,South,5,13460,7304.5,2025-07-26,6155.5,45.73179791976226
936,2671,Mouse,Accessories,South,2,8304,4823.63,2026-03-11,3480.37,41.91197013487476
937,2055,Printer,Office,East,1,44945,27063.43,2025-12-26,17881.57,39.78544888196684
938,4898,Monitor,Electronics,East,5,9931,7660.05,2025-12-24,2270.95,22.867284261403682
939,1866,Monitor,Electronics,West,3,38921,22043.14,2025-12-02,16877.86,43.36440482002004
940,3414,Phone,Electronics,North,3,5912,4113.41,2025-07-16,1798.5900000000001,30.42269959404601
941,3229,Printer,Office,North,2,13393,7823.15,2025-06-15,5569.85,41.58776973045621
942,1505,Printer,Office,North,5,16078,10589.57,2025-07-13,5488.43,34.13627316830451
943,3824,Laptop,Electronics,North,4,25872,22439.63,2025-11-12,3432.369999999999,13.266736239950522
944,2943,Phone,Electronics,West,3,41245,36623.89,2025-09-04,4621.110000000001,11.20404897563341
945,1045,Monitor,Electronics,East,3,10317,5671.25,2025-05-16,4645.75,45.030047494426675
946,1262,Monitor,Electronics,South,3,5778,3884.38,2025-10-25,1893.62,32.77293181031499
947,2282,Phone,Electronics,South,5,41351,26998.27,2026-02-24,14352.73,34.70951125728519
948,4891,Phone,Electronics,South,4,16119,12553.72,2026-03-03,3565.2800000000007,22.118493703083324
949,2967,Laptop,Electronics,South,1,46730,35961.39,2026-05-04,10768.61,23.04431842499465
950,1682,Printer,Office,East,1,17334,11530.33,2025-09-06,5803.67,33.481423791392636
951,4806,Monitor,Electronics,South,3,2798,2095.87,2026-02-28,702.1300000000001,25.093995711222306
952,2113,Mouse,Accessories,West,2,32637,21337.57,2025-09-14,11299.43,34.62153384195851
953,4238,Mouse,Accessories,North,1,48304,26982.16,2025-06-03,21321.84,44.14094070884399
954,2827,Keyboard,Accessories,West,5,11055,6961.5,2026-04-06,4093.5,37.028493894165535
955,1704,Monitor,Electronics,South,1,48813,25155.42,2026-01-03,23657.58,48.46573658656506
956,4100,Laptop,Electronics,North,5,25138,22095.0,2026-02-05,3043.0,12.105179409658684
957,2356,Monitor,Electronics,South,5,39298,21030.18,2026-04-12,18267.82,46.48536821212275
958,3161,Mouse,Accessories,South,2,43280,24526.59,2026-04-21,18753.41,43.33042975970425
959,3718,Laptop,Electronics,West,1,37099,33082.78,2026-04-04,4016.220000000001,10.825682632955068
960,3712,Phone,Electronics,South,4,17168,12289.64,2026-02-28,4878.360000000001,28.415424044734394
961,1538,Mouse,Accessories,East,2,4176,3181.32,2026-01-20,994.6799999999998,23.818965517241374
962,4390,Phone,Electronics,West,5,38012,24201.05,2026-03-01,13810.95,36.33313164263917
963,3869,Monitor,Electronics,East,5,34707,23017.13,2025-12-26,11689.869999999999,33.68159160976172
964,2210,Printer,Office,North,2,16201,9282.92,2026-04-30,6918.08,42.701561631998025
965,4208,Printer,Office,North,4,18015,15975.7,2025-10-23,2039.2999999999993,11.320011101859558
966,3084,Laptop,Electronics,South,3,43631,29110.37,2025-12-27,14520.630000000001,33.280534482363464
967,1839,Keyboard,Accessories,South,3,25856,17462.43,2025-10-23,8393.57,32.46275525990099
968,3604,Phone,Electronics,West,1,28607,22984.82,2026-03-12,5622.18,19.65316181354214
969,3838,Keyboard,Accessories,East,4,25562,20258.61,2025-09-07,5303.389999999999,20.747163758704325
970,3523,Printer,Office,South,2,5714,3542.89,2025-12-11,2171.11,37.996324816240815
971,3911,Laptop,Electronics,North,1,32351,17024.45,2025-06-06,15326.55,47.3758152761893
972,1807,Laptop,Electronics,East,5,34040,22338.36,2025-10-18,11701.64,34.37614571092832
973,4111,Printer,Office,East,4,11056,7720.76,2026-02-21,3335.24,30.166787264833573
974,1414,Phone,Electronics,East,5,20975,17641.57,2025-09-26,3333.4300000000003,15.892395709177592
975,2386,Printer,Office,East,2,36902,29769.88,2026-01-25,7132.119999999999,19.32719093816053
976,1340,Mouse,Accessories,North,1,27548,15544.86,2025-12-25,12003.14,43.57172934514303
977,4619,Printer,Office,East,3,26275,22838.53,2025-05-10,3436.470000000001,13.078858230256904
978,1949,Laptop,Electronics,West,5,36583,23321.24,2025-06-24,13261.759999999998,36.251154908017384
979,3602,Phone,Electronics,East,1,2190,1531.73,2026-03-27,658.27,30.05799086757991
980,3898,Monitor,Electronics,East,5,9605,5240.46,2026-02-13,4364.54,45.44029151483603
981,4018,Mouse,Accessories,West,3,4876,4034.01,2025-09-23,841.9899999999998,17.268047579983588
982,3986,Keyboard,Accessories,North,3,45610,24912.66,2025-12-12,20697.34,45.37895198421399
983,2488,Phone,Electronics,South,1,2765,1519.23,2026-01-27,1245.77,45.05497287522604
984,2552,Laptop,Electronics,West,1,24460,18857.94,2026-03-26,5602.060000000001,22.902943581357324
985,2778,Laptop,Electronics,East,5,3694,2718.13,2025-08-14,975.8699999999999,26.417704385489984
986,1900,Mouse,Accessories,South,1,1116,593.67,2025-08-31,522.33,46.803763440860216
987,2264,Keyboard,Accessories,North,2,10291,7943.31,2025-05-11,2347.6899999999996,22.81304052084345
988,2671,Monitor,Electronics,East,1,19836,11058.56,2025-11-15,8777.44,44.25005041338979
989,4318,Printer,Office,North,2,6344,5309.86,2026-05-04,1034.1400000000003,16.301071878940736
990,1210,Laptop,Electronics,North,1,9015,4978.96,2025-08-30,4036.04,44.770271769273435
991,3412,Monitor,Electronics,North,5,29938,24020.2,2026-01-15,5917.799999999999,19.766851493085706
992,3818,Mouse,Accessories,North,2,37781,26730.83,2025-05-15,11050.169999999998,29.24795532145787
993,1971,Printer,Office,East,1,29765,22516.47,2026-01-12,7248.529999999999,24.35252813707374
994,3138,Phone,Electronics,North,1,21748,18165.34,2026-03-07,3582.66,16.47351480595917
995,3344,Keyboard,Accessories,East,2,5742,3752.36,2025-05-14,1989.6399999999999,34.6506443747823
996,3667,Monitor,Electronics,West,4,44690,36681.59,2025-06-27,8008.4100000000035,17.919914969791908
997,4699,Keyboard,Accessories,East,3,28259,15125.72,2025-05-16,13133.28,46.47468063271879
998,3025,Phone,Electronics,West,2,8158,6634.33,2025-09-03,1523.67,18.67700416768816
999,1342,Printer,Office,South,1,32855,23719.57,2025-10-28,9135.43,27.80529599756506
1000,3406,Printer,Office,East,4,12337,8044.44,2026-03-09,4292.56,34.79419632001297
