order_id,customer_id,product,category,region,quantity,sales,cost,order_date
1,4617,Mouse,Accessories,West,3,44284,23325.97,2025-11-13
2,2847,Keyboard,Accessories,South,5,17809,9160.54,2025-10-27
3,2394,Laptop,Electronics,West,4,6333,4740.82,2025-07-27
4,2217,Keyboard,Accessories,East,5,5607,3146.24,2025-11-30
5,2183,Keyboard,Accessories,West,5,42666,36993.98,2025-11-15
6,3013,Keyboard,Accessories,South,2,37054,23370.36,2025-09-05
7,3770,Laptop,Electronics,West,3,44486,30475.69,2025-10-12
8,3136,Printer,Office,South,2,38576,33977.74,2025-05-11
9,3335,Phone,Electronics,East,4,27565,16271.25,2025-10-08
10,3457,Phone,Electronics,North,3,49977,43026.45,2026-01-13
11,2959,Laptop,Electronics,South,5,45934,31657.8,2025-11-17
12,2257,Phone,Electronics,West,3,8867,7959.17,2026-01-11
13,1511,Mouse,Accessories,South,1,13557,7297.55,2026-01-01
14,4465,Keyboard,Accessories,East,1,27969,15652.7,2025-11-01
15,3319,Laptop,Electronics,North,2,34162,25674.56,2026-01-03
16,4431,Laptop,Electronics,South,4,35158,22490.45,2026-02-22
17,1157,Monitor,Electronics,West,4,21866,13758.17,2026-01-15
18,4397,Laptop,Electronics,East,4,32540,22860.89,2025-08-14
19,2261,Phone,Electronics,North,3,10598,5850.85,2025-12-04
20,1144,Printer,Office,South,5,2733,2361.32,2025-09-11
21,4945,Phone,Electronics,East,4,46573,29381.61,2025-11-01
22,2633,Laptop,Electronics,West,3,9572,5024.5,2025-12-05
23,2812,Phone,Electronics,South,2,4091,3279.29,2025-10-14
24,1180,Printer,Office,South,1,43959,30530.35,2025-12-31
25,1273,Mouse,Accessories,North,3,26002,23335.29,2025-06-28
26,4649,Laptop,Electronics,North,1,48099,39871.59,2025-11-05
27,1202,Monitor,Electronics,East,4,19909,16519.88,2026-03-20
28,3799,Keyboard,Accessories,North,1,2299,1493.77,2026-02-13
29,1075,Printer,Office,South,3,45360,23879.45,2026-01-26
30,3776,Phone,Electronics,South,1,38126,25087.72,2025-11-08
31,1576,Monitor,Electronics,West,4,30050,23608.44,2025-10-09
32,2664,Phone,Electronics,East,3,12345,10569.26,2025-05-11
33,3683,Laptop,Electronics,East,5,1950,1689.17,2025-08-18
34,1911,Monitor,Electronics,East,2,17929,9932.49,2025-08-06
35,2516,Monitor,Electronics,West,5,8314,4550.47,2025-08-05
36,4971,Laptop,Electronics,South,2,16101,13902.26,2025-08-01
37,1717,Phone,Electronics,North,3,12394,10948.87,2026-02-27
38,2387,Printer,Office,North,1,41294,28276.19,2026-04-19
39,2857,Keyboard,Accessories,North,4,5459,3077.73,2025-05-30
40,3644,Laptop,Electronics,East,4,46144,40100.32,2025-09-28
41,3687,Laptop,Electronics,North,3,26395,13825.44,2026-01-27
42,1666,Mouse,Accessories,West,1,37998,30896.83,2025-10-16
43,4232,Monitor,Electronics,East,4,22281,17936.7,2025-06-07
44,1751,Mouse,Accessories,South,4,27390,16748.63,2026-02-07
45,3690,Keyboard,Accessories,South,4,26461,15435.4,2025-08-08
46,4911,Keyboard,Accessories,South,4,23712,17229.59,2025-07-14
47,4619,Phone,Electronics,East,1,43101,37621.72,2025-09-30
48,3607,Phone,Electronics,North,2,29761,22386.07,2025-07-08
49,4279,Laptop,Electronics,South,5,10790,8104.4,2026-01-19
50,1747,Monitor,Electronics,North,3,4495,2709.91,2025-09-14
51,1089,Monitor,Electronics,South,2,23365,20452.3,2026-03-19
52,4299,Keyboard,Accessories,South,3,44387,28136.4,2025-07-10
53,1671,Printer,Office,West,5,43732,23096.78,2025-07-16
54,3804,Laptop,Electronics,North,3,16349,11913.38,2025-07-14
55,3298,Laptop,Electronics,West,1,22335,11908.18,2025-07-10
56,4356,Mouse,Accessories,West,5,7835,5401.12,2025-10-24
57,4104,Printer,Office,West,5,24209,13870.65,2025-05-07
58,3040,Keyboard,Accessories,South,4,12102,10223.18,2026-03-20
59,2009,Monitor,Electronics,North,4,20277,10701.32,2025-11-11
60,4271,Laptop,Electronics,West,5,19696,15555.16,2025-06-06
61,1281,Mouse,Accessories,East,2,40659,25555.66,2025-10-17
62,2078,Keyboard,Accessories,East,3,18867,9545.98,2025-07-23
63,4343,Mouse,Accessories,West,4,2511,2142.81,2025-08-07
64,4941,Keyboard,Accessories,East,3,19415,11834.51,2025-07-07
65,2896,Mouse,Accessories,South,2,47592,32262.95,2025-09-09
66,2538,Phone,Electronics,East,4,22638,20278.43,2025-12-21
67,1371,Mouse,Accessories,South,5,35588,31341.34,2025-09-21
68,1080,Monitor,Electronics,North,1,40358,36294.04,2025-11-21
69,4935,Keyboard,Accessories,South,2,20585,11135.3,2025-11-09
70,3307,Phone,Electronics,West,2,7729,5938.97,2025-11-26
71,3379,Printer,Office,West,2,36637,23131.58,2025-09-29
72,2603,Laptop,Electronics,East,4,46491,24896.67,2026-03-24
73,2189,Monitor,Electronics,South,2,18883,13327.5,2026-04-18
74,4924,Printer,Office,East,3,29184,22876.58,2026-03-20
75,3638,Monitor,Electronics,East,3,13163,7888.73,2026-01-30
76,4806,Monitor,Electronics,East,5,39435,33168.74,2025-06-26
77,1051,Monitor,Electronics,West,4,49666,32172.39,2025-08-01
78,2004,Phone,Electronics,West,2,47707,39814.91,2026-03-12
79,3013,Monitor,Electronics,East,4,32203,27765.89,2026-04-07
80,2145,Laptop,Electronics,West,3,5025,2988.96,2026-02-16
81,4118,Monitor,Electronics,North,1,39370,33761.96,2025-08-25
82,4920,Keyboard,Accessories,South,4,42792,23122.74,2025-06-11
83,3119,Phone,Electronics,South,5,34615,22491.75,2026-03-26
84,2483,Mouse,Accessories,North,3,12339,6197.98,2026-02-07
85,3229,Mouse,Accessories,North,3,45250,34312.72,2025-05-06
86,4131,Monitor,Electronics,South,4,20296,15707.94,2025-12-18
87,1614,Monitor,Electronics,South,3,3807,2895.25,2025-11-06
88,3531,Printer,Office,South,3,16936,9957.55,2025-10-11
89,1993,Monitor,Electronics,North,4,39945,29979.88,2025-11-13
90,1566,Phone,Electronics,East,5,20216,10418.35,2025-08-18
91,2398,Printer,Office,East,5,7527,5307.07,2025-09-10
92,1461,Phone,Electronics,East,3,35008,28185.41,2025-09-04
93,2762,Phone,Electronics,North,4,47188,28985.34,2025-12-15
94,3447,Printer,Office,East,2,39927,31533.91,2025-09-12
95,4748,Phone,Electronics,North,3,18237,13582.91,2025-12-06
96,1932,Printer,Office,East,5,28999,24734.62,2025-10-27
97,1907,Monitor,Electronics,South,2,49866,25225.78,2025-08-30
98,1582,Mouse,Accessories,East,4,32334,16639.77,2026-01-10
99,3350,Keyboard,Accessories,East,3,18577,14233.48,2026-04-03
100,2725,Mouse,Accessories,South,1,18298,9701.14,2025-08-13
101,3001,Printer,Office,West,5,9971,8427.15,2025-12-05
102,4659,Mouse,Accessories,South,3,17950,9319.09,2025-12-06
103,2909,Laptop,Electronics,South,4,45556,34759.26,2025-07-08
104,3974,Phone,Electronics,North,1,37426,27910.2,2025-10-01
105,4901,Keyboard,Accessories,South,1,27043,16816.76,2025-09-03
106,3554,Monitor,Electronics,East,4,5017,3743.41,2026-02-03
107,3587,Keyboard,Accessories,North,2,5412,2890.62,2025-06-15
108,4275,Printer,Office,East,4,30260,25929.91,2025-05-16
109,2798,Keyboard,Accessories,East,2,12062,9364.65,2025-12-13
110,4874,Keyboard,Accessories,East,5,21613,16920.76,2026-02-05
111,3028,Printer,Office,West,2,21273,14887.32,2025-05-30
112,1858,Laptop,Electronics,North,3,46489,39588.47,2025-05-31
113,3618,Printer,Office,East,1,44320,32872.76,2025-10-19
114,2722,Mouse,Accessories,East,5,15975,11580.99,2025-08-17
115,4720,Mouse,Accessories,South,4,38851,29003.78,2025-10-24
116,1395,Monitor,Electronics,South,3,32069,17876.07,2025-09-28
117,4152,Mouse,Accessories,South,1,14760,9990.68,2026-02-16
118,3220,Phone,Electronics,West,1,4308,3501.38,2026-04-27
119,1911,Keyboard,Accessories,East,3,25338,14363.8,2025-08-20
120,1635,Mouse,Accessories,South,2,38153,20062.17,2026-01-16
121,2196,Printer,Office,West,4,13588,9199.26,2026-03-02
122,4446,Monitor,Electronics,South,4,9655,6375.81,2025-08-12
123,3855,Keyboard,Accessories,North,1,39285,23630.79,2026-03-13
124,2025,Phone,Electronics,South,3,36485,25201.41,2025-11-04
125,3611,Keyboard,Accessories,East,2,32388,25590.64,2026-02-25
126,4555,Keyboard,Accessories,West,2,20942,17994.13,2026-01-17
127,1956,Keyboard,Accessories,West,3,13535,9223.39,2026-01-23
128,3302,Printer,Office,South,3,42925,24819.99,2025-12-15
129,3128,Keyboard,Accessories,West,4,12745,8171.59,2025-05-16
130,4395,Mouse,Accessories,West,4,27939,16106.79,2025-07-01
131,4242,Laptop,Electronics,North,2,9932,8718.22,2025-06-10
132,3698,Monitor,Electronics,South,2,2887,1788.99,2025-08-14
133,3079,Laptop,Electronics,East,3,3988,2127.66,2025-10-23
134,2095,Printer,Office,South,5,28032,14961.59,2025-05-14
135,2728,Mouse,Accessories,West,4,28247,15898.31,2025-10-12
136,2495,Laptop,Electronics,South,1,5416,3192.01,2025-11-11
137,1796,Printer,Office,East,3,11650,10164.06,2026-03-02
138,1781,Monitor,Electronics,East,4,21390,17109.4,2026-04-14
139,1182,Laptop,Electronics,East,1,40403,21161.04,2026-03-21
140,2993,Laptop,Electronics,West,1,23437,20131.24,2026-03-15
141,2653,Keyboard,Accessories,North,4,21307,15528.82,2025-12-09
142,2623,Phone,Electronics,East,3,7652,6011.22,2025-12-15
143,4217,Laptop,Electronics,West,5,16572,9225.38,2026-03-27
144,3069,Keyboard,Accessories,South,5,24882,21389.09,2025-10-08
145,3476,Keyboard,Accessories,West,1,31193,22343.42,2025-12-15
146,3014,Phone,Electronics,South,2,30208,25885.39,2025-05-24
147,2459,Printer,Office,East,1,38785,19532.13,2025-12-04
148,1911,Monitor,Electronics,South,3,18028,11151.97,2026-03-03
149,2667,Laptop,Electronics,West,1,38651,34258.9,2025-08-29
150,3690,Laptop,Electronics,South,3,45939,35105.99,2025-11-05
151,4603,Printer,Office,South,4,45068,39348.62,2025-07-08
152,4622,Keyboard,Accessories,North,5,4572,3246.32,2026-05-05
153,4116,Printer,Office,West,4,38733,22029.99,2026-03-28
154,1540,Phone,Electronics,West,1,18160,15777.19,2026-04-02
155,4607,Keyboard,Accessories,West,2,7268,4527.96,2026-03-18
156,2530,Monitor,Electronics,South,5,11679,7483.92,2025-08-28
157,1641,Phone,Electronics,East,5,3748,3162.41,2026-04-13
158,4883,Phone,Electronics,South,2,21406,14729.92,2026-02-27
159,4492,Phone,Electronics,West,4,40842,26607.68,2025-08-01
160,1157,Keyboard,Accessories,South,1,9922,8593.68,2025-09-12
161,2525,Laptop,Electronics,West,5,46531,30738.77,2025-08-31
162,3302,Monitor,Electronics,South,3,36874,32459.91,2025-10-09
163,4800,Keyboard,Accessories,East,2,24194,20349.17,2025-08-11
164,2269,Monitor,Electronics,South,2,5949,3557.95,2025-07-23
165,1824,Mouse,Accessories,South,1,8816,6108.3,2025-10-24
166,1083,Keyboard,Accessories,East,1,29884,24449.16,2025-10-19
167,1918,Printer,Office,South,1,45492,24300.33,2026-02-26
168,4849,Phone,Electronics,West,2,25242,20503.18,2025-10-05
169,4787,Monitor,Electronics,East,4,43005,32427.03,2026-02-28
170,2335,Mouse,Accessories,South,4,28275,23956.27,2025-11-30
171,1746,Monitor,Electronics,North,5,37563,29233.35,2025-08-21
172,1282,Mouse,Accessories,South,2,19721,14016.43,2026-05-05
173,4434,Monitor,Electronics,North,3,39393,32812.27,2025-12-25
174,4908,Phone,Electronics,West,3,20232,17652.4,2025-05-16
175,1892,Monitor,Electronics,East,2,38269,19233.48,2025-09-05
176,2941,Printer,Office,West,3,39902,31647.07,2026-01-06
177,3080,Printer,Office,South,1,18899,12501.16,2025-09-15
178,4066,Monitor,Electronics,East,5,21242,18649.83,2025-06-22
179,4030,Monitor,Electronics,North,3,19837,11996.03,2025-08-25
180,3820,Mouse,Accessories,West,3,21705,17536.11,2025-12-30
181,1557,Mouse,Accessories,North,3,14394,9504.85,2025-12-01
182,1609,Monitor,Electronics,West,4,43903,29548.78,2025-10-23
183,2069,Mouse,Accessories,West,2,47724,35597.53,2025-07-23
184,1154,Mouse,Accessories,North,2,24424,16146.98,2026-02-15
185,2904,Mouse,Accessories,North,4,46033,32222.17,2025-05-11
186,1487,Laptop,Electronics,South,1,1889,1478.42,2025-11-09
187,2412,Phone,Electronics,East,1,32808,18501.26,2025-07-26
188,2777,Monitor,Electronics,West,2,4030,2989.83,2026-01-15
189,1866,Keyboard,Accessories,South,2,8379,4459.27,2026-01-17
190,2935,Phone,Electronics,East,2,49977,26117.17,2026-02-24
191,1689,Laptop,Electronics,South,3,34438,26363.73,2025-05-17
192,2150,Keyboard,Accessories,North,5,33789,19719.33,2025-12-08
193,2835,Phone,Electronics,West,2,24833,13609.58,2025-11-03
194,4903,Phone,Electronics,West,5,48781,40357.84,2025-08-29
195,4252,Laptop,Electronics,East,4,17996,14148.42,2026-03-03
196,4099,Mouse,Accessories,West,1,32738,27536.62,2025-07-20
197,2021,Mouse,Accessories,East,2,38778,24691.25,2025-09-17
198,1947,Laptop,Electronics,South,1,18937,14360.05,2025-06-21
199,2066,Phone,Electronics,West,5,23079,14451.99,2025-05-29
200,1103,Monitor,Electronics,East,5,48947,33674.86,2026-03-29
201,1794,Mouse,Accessories,North,5,30064,21605.15,2026-02-10
202,3022,Monitor,Electronics,North,5,2090,1364.58,2025-06-14
203,2879,Mouse,Accessories,West,3,48612,35144.58,2026-03-06
204,1382,Keyboard,Accessories,North,2,31038,20159.44,2025-09-21
205,1222,Mouse,Accessories,North,4,18580,16607.99,2025-09-30
206,1741,Mouse,Accessories,South,4,46983,36467.23,2025-12-31
207,2594,Monitor,Electronics,South,5,23801,15574.85,2026-02-20
208,3329,Printer,Office,East,2,37370,19824.64,2026-02-27
209,4114,Printer,Office,West,4,18852,12622.04,2025-09-08
210,3079,Keyboard,Accessories,North,5,42757,24160.01,2025-11-25
211,1136,Printer,Office,West,4,20067,12396.48,2025-06-02
212,1570,Mouse,Accessories,West,4,47783,32641.23,2025-06-28
213,4355,Printer,Office,West,4,47628,27108.72,2026-04-06
214,3211,Keyboard,Accessories,North,1,44082,32129.99,2026-03-30
215,4767,Printer,Office,East,4,26381,15344.75,2026-04-18
216,1803,Printer,Office,South,3,34454,29318.23,2026-05-01
217,3151,Printer,Office,North,5,49395,39532.39,2025-10-27
218,4481,Laptop,Electronics,East,1,34960,25592.14,2025-09-03
219,3864,Monitor,Electronics,North,1,49744,38323.89,2025-05-13
220,4268,Printer,Office,West,4,22541,12260.58,2026-02-20
221,3261,Laptop,Electronics,West,4,15827,10190.28,2025-08-02
222,3725,Mouse,Accessories,South,2,10529,5998.0,2025-11-03
223,4130,Monitor,Electronics,West,5,46565,39105.01,2025-09-02
224,4125,Printer,Office,East,3,5995,4007.88,2025-09-09
225,2056,Printer,Office,South,1,22408,17874.11,2025-12-17
226,4379,Printer,Office,North,2,48251,35810.94,2025-09-04
227,1092,Laptop,Electronics,East,3,23489,15163.21,2026-04-05
228,2527,Mouse,Accessories,North,2,46190,25667.15,2025-08-10
229,4297,Printer,Office,North,2,20035,13432.29,2026-01-31
230,4104,Printer,Office,West,2,40691,23020.58,2025-12-12
231,1332,Keyboard,Accessories,South,1,11402,7774.26,2025-12-21
232,4409,Printer,Office,North,5,8333,4324.4,2025-08-29
233,1914,Keyboard,Accessories,North,4,35225,24847.27,2025-12-20
234,3777,Phone,Electronics,West,2,6601,4032.57,2025-08-04
235,1639,Mouse,Accessories,South,5,1723,1039.86,2025-12-04
236,1858,Keyboard,Accessories,West,2,35066,28241.28,2026-01-16
237,4325,Monitor,Electronics,West,2,15636,13176.48,2026-03-14
238,3734,Phone,Electronics,East,3,35281,26721.86,2025-08-24
239,2324,Monitor,Electronics,North,1,9145,7979.84,2026-03-25
240,4886,Monitor,Electronics,West,4,45825,24803.83,2026-02-21
241,4223,Printer,Office,South,2,16372,14693.55,2025-10-04
242,2385,Phone,Electronics,South,1,48590,28816.25,2025-08-16
243,2501,Mouse,Accessories,East,3,48608,42130.03,2026-01-28
244,2528,Laptop,Electronics,South,1,45124,30689.66,2025-12-31
245,3691,Keyboard,Accessories,North,2,28174,18275.91,2026-03-06
246,1064,Monitor,Electronics,South,5,19784,16728.69,2026-02-22
247,3254,Monitor,Electronics,South,3,45481,23372.74,2025-05-19
248,1375,Mouse,Accessories,East,3,4608,3729.77,2025-09-09
249,4872,Phone,Electronics,West,5,37070,31609.03,2025-11-14
250,4167,Monitor,Electronics,South,1,49096,29463.27,2026-01-13
251,1776,Mouse,Accessories,West,4,15979,11147.3,2025-08-02
252,1951,Laptop,Electronics,East,4,21091,14785.58,2025-09-23
253,2945,Phone,Electronics,North,3,19968,10409.6,2025-11-13
254,1865,Keyboard,Accessories,East,3,20678,13909.69,2025-05-18
255,2487,Printer,Office,East,3,17869,14323.04,2025-12-22
256,3217,Printer,Office,South,3,38237,28874.19,2026-04-12
257,1969,Phone,Electronics,North,2,45843,34283.54,2026-03-27
258,3353,Monitor,Electronics,West,3,33105,23600.01,2026-03-24
259,2435,Laptop,Electronics,North,3,15849,9803.6,2025-07-25
260,3533,Keyboard,Accessories,West,4,46027,35852.58,2025-10-12
261,2149,Phone,Electronics,West,1,38004,32634.5,2026-04-24
262,4720,Mouse,Accessories,West,5,35632,26911.36,2026-04-06
263,1537,Keyboard,Accessories,South,3,11159,7658.51,2025-10-14
264,2083,Keyboard,Accessories,North,4,8967,6144.8,2026-04-30
265,1887,Monitor,Electronics,East,5,12945,11316.06,2026-04-11
266,1640,Mouse,Accessories,North,1,19153,9895.84,2025-05-12
267,2907,Printer,Office,West,1,35938,30708.48,2025-12-28
268,2895,Printer,Office,North,5,44012,37053.61,2025-09-18
269,2796,Laptop,Electronics,South,4,49434,27072.96,2026-04-17
270,4164,Phone,Electronics,East,2,47577,38062.19,2025-12-17
271,1067,Printer,Office,West,3,41277,20810.11,2026-03-05
272,3776,Mouse,Accessories,South,4,21279,13995.89,2025-09-20
273,1802,Printer,Office,South,5,43825,22787.14,2025-10-12
274,4930,Laptop,Electronics,North,2,16138,8774.97,2025-06-15
275,3643,Printer,Office,South,3,38098,28957.12,2025-08-26
276,3951,Laptop,Electronics,West,4,28514,14584.14,2025-06-29
277,3296,Laptop,Electronics,North,4,32081,16604.68,2026-04-09
278,4538,Keyboard,Accessories,South,3,21933,19170.85,2026-02-20
279,2409,Monitor,Electronics,North,4,24522,14187.3,2026-02-17
280,3675,Mouse,Accessories,South,1,18900,15044.07,2026-01-07
281,1410,Laptop,Electronics,East,2,3031,2677.18,2026-05-03
282,4896,Mouse,Accessories,North,4,28275,14962.95,2025-10-11
283,2091,Monitor,Electronics,South,1,39051,27853.53,2026-03-01
284,1482,Phone,Electronics,South,3,30714,23772.09,2025-07-31
285,4709,Mouse,Accessories,North,5,27329,21690.49,2026-04-01
286,4859,Phone,Electronics,East,1,48174,29312.91,2025-08-20
287,1497,Monitor,Electronics,West,5,42961,24930.37,2026-03-09
288,2723,Phone,Electronics,West,4,25651,22645.72,2026-03-30
289,4897,Monitor,Electronics,South,4,15531,11376.0,2025-06-13
290,3489,Phone,Electronics,North,4,22429,16291.02,2026-03-15
291,1420,Keyboard,Accessories,North,5,22978,17801.63,2026-02-24
292,3468,Printer,Office,South,1,47020,24369.91,2026-04-04
293,2410,Mouse,Accessories,West,5,22139,15624.49,2026-03-06
294,1458,Phone,Electronics,East,2,38514,32172.7,2025-05-16
295,4060,Laptop,Electronics,South,3,22971,20224.94,2026-03-30
296,3318,Laptop,Electronics,East,5,13344,9218.02,2026-04-19
297,3205,Printer,Office,North,1,35307,28635.88,2026-02-20
298,2770,Keyboard,Accessories,North,4,4336,3430.91,2026-04-10
299,3100,Laptop,Electronics,East,2,47738,39423.03,2025-05-15
300,3863,Phone,Electronics,East,5,25001,19938.93,2025-05-27
301,1986,Monitor,Electronics,West,5,2928,2481.21,2025-05-17
302,4098,Laptop,Electronics,South,4,10648,5871.97,2026-03-17
303,2268,Phone,Electronics,South,5,7085,4348.46,2025-06-05
304,2823,Laptop,Electronics,East,2,9240,6460.33,2025-08-25
305,3643,Mouse,Accessories,West,1,38810,19407.64,2026-03-11
306,2684,Mouse,Accessories,South,2,46672,26815.48,2026-02-22
307,2312,Monitor,Electronics,East,3,14807,10223.84,2026-03-04
308,3302,Monitor,Electronics,South,3,25481,19525.78,2025-08-03
309,3888,Printer,Office,North,1,23030,16511.61,2025-10-27
310,3851,Keyboard,Accessories,East,1,5488,4049.47,2025-10-26
311,2820,Monitor,Electronics,East,2,24250,19550.65,2026-04-02
312,4472,Mouse,Accessories,North,4,46786,30244.58,2025-06-11
313,4909,Mouse,Accessories,North,5,25806,19254.43,2025-05-17
314,4294,Mouse,Accessories,North,4,36803,29670.79,2025-08-12
315,2565,Monitor,Electronics,East,1,3205,2488.46,2025-10-23
316,3914,Phone,Electronics,East,3,41472,25919.17,2026-01-05
317,4807,Mouse,Accessories,West,3,16998,9604.64,2025-08-20
318,3222,Monitor,Electronics,North,4,47850,33219.25,2026-02-13
319,3552,Phone,Electronics,West,1,30920,19618.25,2025-12-13
320,1624,Laptop,Electronics,West,1,48820,35711.06,2025-07-19
321,2317,Printer,Office,North,5,38533,23683.49,2025-06-14
322,3176,Phone,Electronics,East,1,36889,24717.7,2025-06-04
323,1649,Keyboard,Accessories,North,2,38249,26524.18,2026-03-16
324,4915,Monitor,Electronics,South,4,29404,18407.36,2026-04-20
325,3172,Monitor,Electronics,North,4,38741,31118.65,2026-02-17
326,3869,Phone,Electronics,East,1,34694,25396.44,2025-09-21
327,1180,Monitor,Electronics,South,5,34389,22110.93,2025-05-28
328,1200,Printer,Office,South,1,11085,7986.17,2026-02-16
329,1761,Mouse,Accessories,West,3,29614,18678.1,2025-11-23
330,4514,Mouse,Accessories,East,2,6932,5266.6,2025-08-22
331,4694,Monitor,Electronics,East,3,29628,16708.1,2025-09-17
332,2719,Keyboard,Accessories,South,5,4822,2457.5,2025-06-04
333,1361,Phone,Electronics,West,5,17033,8987.9,2025-09-12
334,3995,Phone,Electronics,West,5,36092,26410.01,2025-06-04
335,2714,Phone,Electronics,North,1,2432,1414.83,2025-11-30
336,1755,Keyboard,Accessories,South,5,30482,20664.94,2025-06-14
337,3038,Printer,Office,East,4,26472,23259.47,2025-11-19
338,4647,Mouse,Accessories,South,2,16492,13961.99,2026-01-10
339,2706,Monitor,Electronics,South,2,768,669.32,2025-05-08
340,2990,Mouse,Accessories,West,1,27962,22497.38,2025-11-26
341,1276,Mouse,Accessories,South,1,33583,25402.92,2025-12-07
342,4910,Keyboard,Accessories,North,1,10451,6942.92,2026-03-05
343,1312,Phone,Electronics,West,2,46575,33239.84,2025-06-03
344,3824,Printer,Office,North,2,43512,29775.36,2026-02-01
345,2584,Printer,Office,North,4,1170,842.4,2025-12-01
346,4768,Monitor,Electronics,North,1,40919,24175.08,2026-03-24
347,1035,Laptop,Electronics,North,2,13546,10084.55,2025-11-15
348,2326,Keyboard,Accessories,East,2,1696,908.69,2025-12-06
349,2298,Laptop,Electronics,South,5,9575,6124.48,2026-04-22
350,3064,Mouse,Accessories,West,4,5056,3360.1,2026-01-02
351,4401,Phone,Electronics,West,4,49036,43046.5,2026-02-23
352,3158,Phone,Electronics,North,2,18882,12641.26,2025-12-25
353,3455,Monitor,Electronics,South,2,15670,11775.19,2026-02-05
354,2833,Laptop,Electronics,West,2,12033,6444.66,2025-10-06
355,3260,Monitor,Electronics,South,5,25028,14883.68,2025-06-08
356,4523,Printer,Office,South,3,43482,33489.81,2026-04-05
357,1573,Laptop,Electronics,South,4,42414,32766.26,2025-09-18
358,4058,Laptop,Electronics,North,1,16728,9363.27,2025-06-12
359,1517,Monitor,Electronics,South,5,8222,7310.64,2025-06-16
360,1293,Monitor,Electronics,East,4,18651,11330.4,2025-12-11
361,1427,Laptop,Electronics,East,3,6306,5090.16,2025-11-19
362,1184,Mouse,Accessories,West,1,12400,7721.98,2025-11-10
363,1239,Laptop,Electronics,North,1,28709,17400.06,2025-06-19
364,4122,Printer,Office,West,2,20569,15988.59,2025-05-23
365,1056,Laptop,Electronics,South,3,31658,21684.25,2025-12-23
366,3227,Laptop,Electronics,East,5,13377,9152.63,2025-08-06
367,1822,Printer,Office,South,4,11382,5742.94,2025-06-01
368,1386,Phone,Electronics,South,5,21550,11346.82,2026-02-21
369,3016,Monitor,Electronics,West,2,17547,13777.98,2025-07-21
370,2873,Phone,Electronics,West,4,36624,32608.76,2025-09-24
371,3754,Keyboard,Accessories,East,5,19175,13442.81,2026-04-17
372,3974,Phone,Electronics,East,5,32392,17893.65,2025-11-13
373,2125,Keyboard,Accessories,East,4,5874,4375.9,2026-04-27
374,1861,Printer,Office,South,1,22114,18674.96,2026-02-14
375,3970,Keyboard,Accessories,South,4,39168,21510.61,2026-03-30
376,3220,Printer,Office,South,5,28488,20148.04,2025-05-29
377,2342,Mouse,Accessories,South,5,14144,12465.52,2026-04-17
378,1459,Monitor,Electronics,North,5,21352,13218.73,2025-05-21
379,2594,Keyboard,Accessories,North,3,8679,5359.63,2026-02-23
380,3378,Phone,Electronics,East,4,14007,11270.9,2025-09-07
381,4258,Keyboard,Accessories,West,2,3292,1910.18,2026-01-14
382,4913,Laptop,Electronics,South,1,2606,2200.25,2025-09-14
383,2143,Printer,Office,North,1,46691,27761.57,2025-10-31
384,2745,Monitor,Electronics,South,2,27097,18203.32,2025-11-26
385,2962,Mouse,Accessories,West,1,3665,3178.43,2025-06-29
386,3144,Keyboard,Accessories,West,5,48011,25632.39,2026-03-27
387,3206,Keyboard,Accessories,West,4,37874,31773.5,2026-04-08
388,1687,Laptop,Electronics,West,3,1159,1033.9,2025-11-02
389,4265,Keyboard,Accessories,West,3,34314,29507.76,2026-02-10
390,2906,Keyboard,Accessories,East,1,2400,1727.05,2025-08-10
391,1689,Keyboard,Accessories,East,2,30228,27080.46,2025-12-29
392,2607,Keyboard,Accessories,West,1,8834,6586.02,2025-05-07
393,1717,Mouse,Accessories,West,5,20561,11079.82,2026-04-05
394,2098,Keyboard,Accessories,West,2,34391,20671.6,2025-06-26
395,3518,Keyboard,Accessories,West,5,31549,27547.98,2025-08-01
396,2531,Phone,Electronics,North,4,11219,7388.02,2026-03-24
397,3949,Monitor,Electronics,North,4,29735,21387.41,2025-12-01
398,3933,Monitor,Electronics,East,3,41713,26486.16,2025-05-27
399,2287,Phone,Electronics,East,1,25597,17724.54,2025-12-26
400,2586,Printer,Office,East,3,4422,2298.76,2025-08-11
401,1016,Mouse,Accessories,East,3,5913,3064.61,2025-10-25
402,2421,Monitor,Electronics,South,1,2866,2106.99,2025-06-01
403,4560,Phone,Electronics,South,3,30987,24574.97,2025-05-10
404,2740,Monitor,Electronics,West,3,32743,21183.34,2026-01-10
405,1478,Laptop,Electronics,South,3,4682,4046.23,2025-08-02
406,3615,Phone,Electronics,South,2,17625,10294.61,2026-04-19
407,2776,Printer,Office,North,4,44570,38415.15,2026-04-17
408,3002,Laptop,Electronics,North,4,5425,4828.98,2025-11-24
409,3414,Keyboard,Accessories,North,2,1162,818.64,2025-11-04
410,3596,Monitor,Electronics,West,1,39064,26541.73,2025-12-31
411,4565,Phone,Electronics,East,4,8024,6273.49,2025-12-26
412,4339,Printer,Office,West,2,16575,14899.61,2026-03-12
413,2097,Printer,Office,West,4,48934,29949.9,2025-07-16
414,2205,Printer,Office,East,1,6909,5483.78,2026-03-26
415,1794,Monitor,Electronics,East,3,29459,22842.48,2025-08-15
416,1505,Mouse,Accessories,East,1,27751,20654.5,2025-12-15
417,3541,Keyboard,Accessories,East,4,6071,5284.72,2025-07-20
418,4323,Monitor,Electronics,North,1,15054,10533.22,2025-06-11
419,3598,Monitor,Electronics,East,4,43674,32138.18,2025-08-11
420,2936,Monitor,Electronics,South,5,12796,11003.58,2026-03-23
421,1866,Printer,Office,North,4,25127,18237.39,2026-03-09
422,2473,Printer,Office,North,2,24547,16797.72,2026-04-27
423,2594,Mouse,Accessories,East,5,37654,20902.19,2025-07-05
424,4978,Mouse,Accessories,South,2,19884,11774.84,2025-05-26
425,4746,Phone,Electronics,East,5,4613,2515.28,2025-05-06
426,4749,Monitor,Electronics,East,2,28131,20302.99,2026-01-08
427,1159,Phone,Electronics,North,1,39042,28705.94,2026-05-03
428,3600,Printer,Office,South,5,22021,17005.4,2025-06-12
429,2237,Laptop,Electronics,South,5,49947,33545.46,2025-09-01
430,1643,Printer,Office,North,5,3785,3349.8,2025-08-16
431,2334,Laptop,Electronics,East,4,16142,12475.8,2025-10-20
432,3168,Mouse,Accessories,North,5,11991,9107.96,2026-05-03
433,1415,Mouse,Accessories,East,2,41384,22098.0,2025-08-08
434,4653,Mouse,Accessories,North,3,9205,7839.61,2026-04-30
435,2951,Printer,Office,East,2,6314,3952.16,2026-04-16
436,4611,Monitor,Electronics,North,3,18213,11360.84,2025-11-23
437,3445,Mouse,Accessories,South,3,38225,34215.23,2025-12-24
438,3279,Keyboard,Accessories,West,3,38390,30067.49,2025-12-02
439,1313,Phone,Electronics,West,1,40495,27763.74,2025-08-24
440,4163,Keyboard,Accessories,West,3,24323,20502.92,2025-11-20
441,3712,Keyboard,Accessories,East,5,9655,6831.45,2025-11-25
442,4778,Printer,Office,South,4,21095,15418.42,2025-12-17
443,1142,Phone,Electronics,South,3,10449,6744.41,2026-03-06
444,4274,Monitor,Electronics,West,3,9464,6964.91,2025-11-12
445,3509,Laptop,Electronics,West,2,44886,29638.71,2026-01-06
446,4178,Laptop,Electronics,South,2,41466,31103.23,2025-07-24
447,4367,Laptop,Electronics,East,2,38174,34143.81,2025-07-11
448,2649,Phone,Electronics,South,2,38687,24630.94,2026-03-18
449,1764,Monitor,Electronics,South,1,31844,18316.05,2025-07-06
450,3175,Monitor,Electronics,South,4,38161,28610.86,2025-12-26
451,2758,Laptop,Electronics,South,4,8198,6375.94,2025-12-11
452,1367,Laptop,Electronics,West,5,19659,12652.26,2026-01-15
453,2676,Monitor,Electronics,North,4,38073,32613.48,2025-06-26
454,3645,Monitor,Electronics,South,4,19139,9795.07,2026-02-04
455,4394,Monitor,Electronics,South,1,41986,29572.56,2026-03-17
456,3178,Laptop,Electronics,East,3,16234,11110.39,2025-10-07
457,3144,Laptop,Electronics,East,5,47413,40233.19,2025-11-29
458,4959,Monitor,Electronics,South,3,47046,33771.41,2025-08-29
459,3849,Printer,Office,East,5,8440,4268.18,2026-02-11
460,2398,Mouse,Accessories,East,2,15429,10358.98,2025-06-24
461,2176,Keyboard,Accessories,West,3,14291,8506.25,2025-08-06
462,3183,Keyboard,Accessories,North,5,2565,1649.26,2026-02-02
463,3722,Monitor,Electronics,North,2,41383,26497.65,2025-12-26
464,1463,Phone,Electronics,North,4,16160,11704.01,2025-07-21
465,2745,Printer,Office,West,5,14534,10836.68,2025-05-29
466,4833,Laptop,Electronics,North,5,16732,8574.73,2025-06-01
467,1917,Monitor,Electronics,East,4,9108,5402.09,2026-03-08
468,3126,Keyboard,Accessories,West,2,7425,6615.96,2025-05-30
469,1528,Laptop,Electronics,West,4,9421,7062.76,2026-05-01
470,1159,Printer,Office,North,1,20610,14636.44,2026-04-08
471,1184,Keyboard,Accessories,East,3,28422,18398.43,2025-09-14
472,4612,Phone,Electronics,South,5,12346,8636.68,2025-09-07
473,1335,Mouse,Accessories,West,2,21648,19472.07,2025-09-09
474,1752,Monitor,Electronics,North,4,9941,6266.24,2025-05-27
475,1221,Keyboard,Accessories,West,1,26659,17385.01,2026-02-20
476,2595,Laptop,Electronics,South,5,34053,20839.71,2026-04-21
477,4280,Monitor,Electronics,North,1,6523,4132.52,2025-05-25
478,1753,Mouse,Accessories,South,2,30975,27642.38,2025-06-21
479,3740,Printer,Office,South,3,7212,4459.04,2025-05-20
480,3317,Laptop,Electronics,West,4,22206,17243.16,2025-09-23
481,2207,Mouse,Accessories,West,5,35665,21073.81,2025-07-25
482,4461,Laptop,Electronics,North,1,42823,22024.24,2025-08-17
483,1268,Keyboard,Accessories,South,5,11073,6685.46,2025-09-18
484,1218,Monitor,Electronics,South,5,39818,31184.7,2025-05-07
485,2792,Keyboard,Accessories,West,3,43095,29840.74,2026-01-21
486,2209,Laptop,Electronics,North,5,9960,5333.96,2025-10-21
487,2915,Mouse,Accessories,East,2,48101,34080.18,2026-04-19
488,3443,Mouse,Accessories,East,1,17636,10048.73,2026-03-07
489,2814,Printer,Office,East,3,14622,12259.61,2026-01-15
490,4975,Printer,Office,East,4,4805,2454.41,2025-06-27
491,4075,Laptop,Electronics,East,5,8404,7489.95,2025-12-19
492,2198,Phone,Electronics,East,1,3534,2428.56,2025-07-07
493,1683,Keyboard,Accessories,North,4,47797,40233.13,2025-05-11
494,3846,Mouse,Accessories,North,1,27600,20383.15,2026-01-27
495,3434,Keyboard,Accessories,East,4,39493,32487.63,2025-05-13
496,2277,Mouse,Accessories,West,4,45510,26067.48,2026-04-10
497,3318,Keyboard,Accessories,West,3,22793,14497.25,2025-12-18
498,2754,Phone,Electronics,South,1,32326,18535.42,2026-04-09
499,3389,Monitor,Electronics,South,4,41150,32582.63,2026-02-26
500,3475,Monitor,Electronics,South,3,30173,19220.71,2026-03-07
501,4324,Keyboard,Accessories,South,4,2045,1719.34,2025-08-28
502,2163,Monitor,Electronics,South,1,8899,4874.59,2025-07-15
503,1166,Phone,Electronics,South,2,22798,19741.18,2025-08-24
504,4392,Monitor,Electronics,East,4,24546,20906.5,2026-03-22
505,2204,Printer,Office,South,1,49071,41883.53,2025-10-14
506,2688,Monitor,Electronics,South,1,32069,21353.15,2025-05-18
507,3211,Mouse,Accessories,North,2,16694,9289.75,2025-10-28
508,3916,Mouse,Accessories,South,3,20398,12683.41,2026-01-23
509,3062,Monitor,Electronics,East,2,31280,27611.18,2025-11-12
510,4703,Phone,Electronics,East,2,29272,21693.53,2025-05-16
511,2842,Phone,Electronics,North,1,32721,22182.05,2025-06-03
512,3357,Keyboard,Accessories,East,4,35130,23784.0,2025-08-29
513,3430,Laptop,Electronics,East,2,46479,24007.27,2025-12-23
514,4379,Keyboard,Accessories,North,1,9213,5148.21,2026-02-17
515,2404,Laptop,Electronics,South,2,47949,34007.21,2025-08-16
516,4776,Keyboard,Accessories,North,1,39518,33272.73,2026-02-04
517,4648,Mouse,Accessories,West,4,11401,7868.39,2026-04-10
518,3162,Laptop,Electronics,West,5,46109,31484.41,2026-01-15
519,3414,Mouse,Accessories,South,1,21310,13730.43,2026-03-31
520,4431,Laptop,Electronics,West,3,22337,12926.2,2025-11-09
521,2015,Printer,Office,West,5,28153,22631.96,2025-10-12
522,4272,Keyboard,Accessories,West,3,30786,23315.67,2025-11-29
523,1638,Printer,Office,West,5,37321,32275.22,2026-03-06
524,1698,Keyboard,Accessories,West,1,991,867.4,2025-07-04
525,2423,Mouse,Accessories,West,4,23978,15789.49,2025-05-29
526,3793,Mouse,Accessories,South,1,35282,30374.59,2026-02-03
527,1551,Printer,Office,East,5,44863,28855.91,2026-02-09
528,2252,Laptop,Electronics,East,4,19245,11349.0,2026-04-27
529,1618,Keyboard,Accessories,South,1,28972,18702.68,2025-09-24
530,1179,Printer,Office,East,4,21540,18614.42,2025-10-14
531,4818,Keyboard,Accessories,East,3,22587,14622.49,2026-01-11
532,1009,Monitor,Electronics,East,4,29838,21291.37,2026-01-03
533,3267,Keyboard,Accessories,West,1,1559,1040.18,2026-03-05
534,4022,Mouse,Accessories,North,2,40975,23158.18,2025-10-14
535,1290,Monitor,Electronics,North,2,8289,4547.16,2026-05-04
536,4234,Laptop,Electronics,West,5,12947,8879.76,2025-11-07
537,1335,Phone,Electronics,North,3,26432,20069.64,2025-05-12
538,4405,Printer,Office,West,3,4711,2884.98,2026-01-18
539,4526,Phone,Electronics,West,3,43138,36940.65,2025-10-04
540,4851,Keyboard,Accessories,West,3,46345,37869.21,2025-11-30
541,3492,Laptop,Electronics,North,4,4833,3169.34,2026-03-24
542,3321,Mouse,Accessories,West,1,37601,30574.22,2025-05-06
543,2663,Mouse,Accessories,West,4,8387,5958.58,2026-02-23
544,3799,Laptop,Electronics,South,2,8124,7228.23,2025-10-23
545,3109,Monitor,Electronics,East,4,1508,948.09,2025-09-07
546,4166,Mouse,Accessories,South,5,17788,11067.38,2026-01-29
547,4434,Phone,Electronics,South,4,30640,18060.34,2025-08-16
548,1111,Phone,Electronics,West,4,26435,21828.04,2025-11-20
549,1093,Laptop,Electronics,North,1,25297,18676.06,2025-12-25
550,4638,Monitor,Electronics,North,4,25565,22308.61,2026-05-05
551,2217,Phone,Electronics,North,1,18928,9997.14,2026-04-11
552,3005,Printer,Office,South,1,47125,40292.67,2025-12-19
553,1833,Keyboard,Accessories,West,5,48419,29566.31,2025-11-21
554,4440,Keyboard,Accessories,North,2,48646,34275.01,2025-07-25
555,4807,Printer,Office,West,4,5289,3694.03,2025-12-21
556,2227,Keyboard,Accessories,West,4,23878,19273.4,2025-06-18
557,1504,Phone,Electronics,South,3,20489,17381.47,2025-09-23
558,4962,Mouse,Accessories,South,4,18020,12682.43,2025-05-28
559,3968,Mouse,Accessories,South,3,46628,33812.66,2025-06-18
560,4479,Printer,Office,East,2,37981,29966.63,2026-01-08
561,4810,Laptop,Electronics,North,5,12403,8041.14,2026-02-07
562,4492,Monitor,Electronics,North,5,38943,30881.21,2025-09-23
563,3850,Keyboard,Accessories,South,5,45223,33969.89,2025-08-04
564,1337,Printer,Office,West,1,41578,33292.01,2025-07-26
565,4745,Laptop,Electronics,West,1,49444,39377.48,2025-10-31
566,3222,Monitor,Electronics,North,1,46347,33413.52,2025-07-31
567,1185,Mouse,Accessories,North,2,29181,15377.7,2026-02-17
568,3975,Keyboard,Accessories,West,2,42491,33448.69,2026-01-31
569,3422,Keyboard,Accessories,West,2,22107,13562.16,2025-12-28
570,1616,Monitor,Electronics,West,4,46453,41783.53,2026-03-25
571,4783,Laptop,Electronics,East,5,17982,10999.02,2025-10-20
572,2763,Laptop,Electronics,South,1,1402,919.39,2025-07-10
573,2059,Keyboard,Accessories,North,1,23298,13694.71,2026-01-06
574,2981,Keyboard,Accessories,South,3,41790,34621.31,2026-03-14
575,1575,Mouse,Accessories,East,3,24196,16025.26,2026-03-14
576,2157,Keyboard,Accessories,North,4,19092,12063.8,2025-10-15
577,3532,Phone,Electronics,West,1,47077,41061.0,2025-09-02
578,4093,Laptop,Electronics,East,1,15655,13716.53,2026-01-15
579,1591,Printer,Office,South,1,24344,14580.42,2025-08-02
580,1886,Phone,Electronics,South,2,40284,23334.76,2025-05-29
581,4007,Printer,Office,West,2,48746,33549.92,2026-02-09
582,1926,Monitor,Electronics,South,4,49289,42616.64,2025-12-29
583,3819,Phone,Electronics,North,4,1809,1482.72,2026-04-11
584,3545,Mouse,Accessories,North,5,10151,8398.17,2026-04-13
585,1971,Laptop,Electronics,South,5,9818,7949.75,2025-11-13
586,3640,Mouse,Accessories,South,2,48741,35642.75,2025-12-26
587,4269,Keyboard,Accessories,South,4,33291,28938.89,2025-07-06
588,4046,Printer,Office,East,2,36772,21445.13,2025-07-25
589,1165,Laptop,Electronics,South,3,46448,30597.58,2025-12-21
590,1185,Phone,Electronics,South,2,25895,18183.4,2025-11-30
591,2072,Mouse,Accessories,South,2,16152,8560.68,2025-12-12
592,1108,Phone,Electronics,North,2,17887,15042.32,2026-01-03
593,2357,Phone,Electronics,East,3,5433,3741.05,2026-01-29
594,1829,Printer,Office,South,1,21342,11023.09,2026-04-29
595,2528,Phone,Electronics,South,2,34439,28318.65,2026-04-04
596,3240,Monitor,Electronics,West,5,33250,24022.02,2025-12-14
597,1316,Printer,Office,West,4,20131,12744.73,2025-12-26
598,1988,Keyboard,Accessories,North,3,47464,24571.1,2025-05-09
599,1625,Monitor,Electronics,West,4,39932,30537.18,2025-11-24
600,3493,Keyboard,Accessories,South,2,32244,28044.37,2025-06-05
601,2010,Monitor,Electronics,East,4,40964,24399.39,2025-11-19
602,1615,Printer,Office,North,2,26976,23305.0,2026-03-19
603,3116,Printer,Office,East,3,35622,30028.32,2025-09-21
604,1384,Keyboard,Accessories,South,3,44868,39060.35,2026-03-08
605,1794,Mouse,Accessories,South,3,11284,8240.77,2025-05-16
606,1344,Monitor,Electronics,South,4,40344,27220.57,2026-04-27
607,2594,Mouse,Accessories,North,2,37779,32587.2,2025-11-23
608,4293,Laptop,Electronics,North,2,2323,2014.2,2025-10-10
609,3435,Phone,Electronics,North,1,26286,14710.05,2025-09-30
610,1377,Printer,Office,South,4,17807,15754.33,2025-08-25
611,4261,Mouse,Accessories,West,1,45054,31865.13,2025-07-08
612,3002,Keyboard,Accessories,East,3,32300,25386.83,2025-09-30
613,2210,Phone,Electronics,North,3,49983,29013.08,2026-03-18
614,3719,Mouse,Accessories,North,3,15337,8875.83,2025-06-18
615,1120,Mouse,Accessories,East,3,47295,29089.91,2026-02-01
616,2825,Laptop,Electronics,North,4,7554,5833.5,2025-10-24
617,1883,Mouse,Accessories,West,1,26174,22625.53,2025-12-09
618,3205,Keyboard,Accessories,North,2,32009,26063.86,2025-12-12
619,1066,Laptop,Electronics,South,4,34157,26249.73,2025-07-25
620,4706,Keyboard,Accessories,South,3,25430,16896.31,2025-09-07
621,4996,Printer,Office,South,1,44325,30371.35,2025-10-10
622,1371,Keyboard,Accessories,South,4,28844,20302.12,2025-11-19
623,4339,Printer,Office,East,1,41271,36506.89,2026-03-06
624,3084,Keyboard,Accessories,South,4,18016,10499.4,2026-03-29
625,4470,Keyboard,Accessories,West,3,8092,4581.17,2025-08-06
626,4172,Keyboard,Accessories,North,2,2350,2015.15,2025-09-08
627,3677,Laptop,Electronics,East,4,29426,25341.32,2025-06-05
628,2074,Mouse,Accessories,North,5,36175,20158.02,2026-04-22
629,4665,Mouse,Accessories,West,1,32016,18557.16,2026-01-03
630,2166,Laptop,Electronics,East,5,34605,21378.14,2025-08-19
631,3908,Mouse,Accessories,West,5,5633,5034.16,2026-02-02
632,4922,Laptop,Electronics,East,5,11350,6250.6,2026-05-03
633,4318,Printer,Office,South,4,10896,6779.42,2025-09-21
634,2868,Laptop,Electronics,East,1,44855,31784.48,2025-10-10
635,4488,Phone,Electronics,South,3,28134,14808.21,2026-03-04
636,3726,Laptop,Electronics,East,4,8754,5351.46,2026-04-17
637,2453,Printer,Office,South,2,4469,2812.02,2025-07-07
638,1987,Keyboard,Accessories,West,5,37197,33106.8,2026-01-14
639,3889,Keyboard,Accessories,South,2,19582,10440.02,2025-11-05
640,4911,Printer,Office,South,5,2038,1101.29,2025-08-19
641,4472,Mouse,Accessories,West,5,32417,24410.21,2025-11-25
642,4928,Monitor,Electronics,South,4,19719,16044.52,2026-02-18
643,2133,Phone,Electronics,North,1,24227,16889.07,2025-07-26
644,3025,Monitor,Electronics,North,2,29076,20566.65,2026-03-21
645,4119,Monitor,Electronics,South,3,47713,32009.07,2025-07-08
646,1316,Keyboard,Accessories,South,5,35789,25422.15,2026-02-10
647,2832,Printer,Office,South,1,36677,27503.48,2025-12-12
648,1411,Monitor,Electronics,North,1,10968,6464.86,2026-03-15
649,1757,Phone,Electronics,North,5,28096,14992.89,2025-06-14
650,3990,Laptop,Electronics,South,3,33444,27232.51,2026-02-17
651,1741,Printer,Office,West,1,711,605.72,2025-08-21
652,1183,Printer,Office,West,4,26492,17508.92,2025-10-11
653,2151,Mouse,Accessories,South,1,2564,1561.2,2026-02-24
654,3121,Phone,Electronics,South,3,6544,4941.38,2025-10-17
655,4480,Printer,Office,West,5,47680,26135.7,2026-04-14
656,1349,Monitor,Electronics,East,3,14185,10786.62,2025-08-23
657,3838,Phone,Electronics,North,3,1317,983.75,2025-08-11
658,4118,Keyboard,Accessories,South,1,29783,24320.44,2025-12-22
659,2636,Laptop,Electronics,North,4,9994,7569.57,2025-08-24
660,2691,Monitor,Electronics,South,5,48949,29454.35,2025-07-02
661,3997,Mouse,Accessories,South,3,21821,17476.26,2026-04-20
662,2051,Printer,Office,South,4,31068,20887.66,2026-01-18
663,1099,Laptop,Electronics,North,2,37254,25760.0,2025-06-16
664,1945,Laptop,Electronics,East,3,42559,30838.26,2025-09-06
665,1013,Keyboard,Accessories,East,3,35672,22459.12,2025-12-02
666,1277,Phone,Electronics,West,1,6279,3560.36,2025-07-27
667,1196,Laptop,Electronics,West,4,49546,31516.61,2025-11-06
668,3856,Phone,Electronics,South,5,7538,5151.17,2026-03-28
669,4407,Monitor,Electronics,South,4,20221,17216.46,2026-04-29
670,2311,Printer,Office,South,5,21304,12724.05,2026-04-22
671,1855,Phone,Electronics,South,4,21779,16217.18,2026-02-24
672,2422,Printer,Office,South,1,21437,16586.5,2025-08-06
673,4913,Keyboard,Accessories,East,3,11233,8825.66,2026-03-06
674,1203,Monitor,Electronics,North,4,17682,11606.69,2026-01-10
675,2951,Keyboard,Accessories,East,2,15665,8897.28,2025-09-06
676,2872,Mouse,Accessories,East,2,48666,41244.88,2026-02-11
677,2762,Printer,Office,South,2,11877,8668.84,2026-02-15
678,3727,Laptop,Electronics,West,5,27387,15889.33,2025-11-23
679,3568,Mouse,Accessories,South,3,48931,30205.28,2025-11-07
680,3131,Printer,Office,West,4,32141,16962.16,2026-01-18
681,2122,Laptop,Electronics,East,3,35169,28819.68,2025-11-06
682,1751,Phone,Electronics,South,5,46281,33625.08,2025-08-15
683,4518,Printer,Office,South,3,25975,18886.58,2025-09-18
684,2576,Printer,Office,South,3,5014,3008.94,2025-06-19
685,1947,Keyboard,Accessories,East,4,3118,2484.95,2026-04-14
686,4313,Monitor,Electronics,South,5,16767,12970.23,2026-05-03
687,4940,Mouse,Accessories,West,3,30695,17319.69,2025-07-19
688,4465,Keyboard,Accessories,North,1,26756,16949.63,2026-02-21
689,3053,Printer,Office,North,2,20105,11179.15,2025-07-21
690,4051,Keyboard,Accessories,East,4,15133,10738.75,2026-03-29
691,2970,Laptop,Electronics,South,2,8974,7092.21,2026-03-16
692,3189,Laptop,Electronics,North,1,34740,30437.25,2025-12-22
693,4885,Keyboard,Accessories,West,5,12637,7800.35,2026-05-03
694,4196,Laptop,Electronics,South,4,33001,19021.1,2025-12-28
695,2615,Printer,Office,North,3,14068,8836.68,2026-03-04
696,3932,Printer,Office,South,3,1461,774.6,2026-04-05
697,3416,Printer,Office,South,4,1605,961.26,2025-09-07
698,1605,Mouse,Accessories,South,5,35517,19729.74,2026-02-21
699,1144,Mouse,Accessories,East,5,40059,29511.4,2025-07-08
700,4518,Printer,Office,North,2,41334,25220.46,2026-02-12
701,3237,Printer,Office,West,1,1822,1352.34,2025-05-21
702,3886,Printer,Office,South,2,37890,27815.47,2026-01-23
703,1802,Printer,Office,East,5,17008,9542.52,2026-03-21
704,2118,Keyboard,Accessories,West,2,10483,6695.78,2026-05-03
705,2927,Monitor,Electronics,North,2,42367,24124.23,2025-05-06
706,2842,Mouse,Accessories,West,3,42249,29705.31,2025-07-23
707,4975,Phone,Electronics,East,2,17246,12056.87,2025-05-09
708,3642,Laptop,Electronics,West,4,3772,3109.9,2025-08-12
709,2849,Phone,Electronics,North,5,34786,21663.71,2026-02-13
710,3784,Keyboard,Accessories,East,2,13544,7796.25,2026-03-11
711,2857,Monitor,Electronics,West,5,5425,4279.79,2025-05-07
712,1117,Keyboard,Accessories,South,5,33293,25290.46,2025-11-24
713,3135,Printer,Office,East,1,25799,15493.42,2025-08-09
714,1353,Laptop,Electronics,North,4,38194,26443.85,2025-05-26
715,4460,Laptop,Electronics,West,4,25095,19796.31,2026-02-05
716,4839,Mouse,Accessories,East,5,43415,31673.3,2025-08-01
717,2349,Printer,Office,East,4,10533,5832.27,2025-08-11
718,2475,Keyboard,Accessories,South,1,13346,10828.14,2025-08-30
719,2568,Monitor,Electronics,West,2,25856,18062.89,2025-06-07
720,4585,Laptop,Electronics,West,2,10122,7382.28,2025-09-26
721,4871,Monitor,Electronics,North,1,23413,16335.77,2025-07-22
722,2135,Printer,Office,South,2,31061,21280.32,2026-03-20
723,4916,Laptop,Electronics,South,2,20547,18471.13,2026-03-06
724,3868,Monitor,Electronics,South,1,37156,19105.51,2025-10-15
725,4150,Monitor,Electronics,South,5,32912,23112.23,2025-05-26
726,3909,Phone,Electronics,South,2,1988,1250.46,2026-02-27
727,2485,Printer,Office,South,2,48890,26851.38,2026-02-20
728,3429,Laptop,Electronics,North,3,17942,10332.4,2025-08-28
729,2179,Phone,Electronics,West,2,49766,43226.47,2025-08-28
730,2582,Laptop,Electronics,South,5,45891,23510.82,2025-12-25
731,1994,Laptop,Electronics,North,1,8637,7324.64,2026-03-29
732,1115,Phone,Electronics,South,1,17972,11088.39,2026-05-02
733,2044,Keyboard,Accessories,East,3,27450,22689.94,2026-02-14
734,3156,Monitor,Electronics,East,2,3772,2633.6,2026-03-29
735,3982,Mouse,Accessories,South,4,24668,13907.9,2025-08-11
736,4965,Printer,Office,South,1,9254,4760.75,2025-11-30
737,2180,Printer,Office,East,1,23606,12307.14,2025-07-30
738,1620,Mouse,Accessories,South,5,24881,14390.73,2025-08-08
739,2693,Mouse,Accessories,North,2,5446,3420.08,2025-09-20
740,4296,Printer,Office,South,1,34448,19737.01,2025-05-16
741,2781,Laptop,Electronics,East,4,32586,19428.01,2026-02-25
742,1468,Phone,Electronics,West,4,19000,15425.36,2026-02-23
743,3663,Keyboard,Accessories,North,4,34691,28850.99,2025-05-12
744,1030,Monitor,Electronics,West,1,28884,17453.93,2025-11-13
745,1211,Phone,Electronics,North,1,747,472.39,2025-11-06
746,4702,Monitor,Electronics,West,2,12617,11168.53,2026-04-02
747,2917,Mouse,Accessories,East,3,45547,24726.0,2025-08-08
748,3687,Keyboard,Accessories,East,1,15242,9691.82,2025-08-25
749,1786,Laptop,Electronics,East,3,38894,33056.48,2025-10-02
750,4313,Monitor,Electronics,South,5,23866,17467.75,2025-06-23
751,2103,Printer,Office,North,4,42809,22845.45,2026-01-22
752,1062,Monitor,Electronics,South,3,4878,3730.07,2025-08-12
753,3281,Printer,Office,North,5,34003,23941.3,2025-12-20
754,1639,Phone,Electronics,East,5,12336,10091.59,2026-04-08
755,3646,Laptop,Electronics,West,5,16239,13900.17,2025-08-01
756,4237,Printer,Office,East,1,29644,20722.78,2026-03-22
757,4161,Printer,Office,South,4,44838,31378.52,2025-05-12
758,1054,Monitor,Electronics,South,2,46465,32798.93,2025-11-24
759,2512,Laptop,Electronics,East,4,45878,30026.1,2025-05-06
760,1731,Printer,Office,West,4,23173,20271.35,2026-04-16
761,4765,Printer,Office,South,3,41783,31941.71,2025-05-15
762,4730,Printer,Office,East,2,23796,12472.86,2026-03-13
763,4653,Keyboard,Accessories,North,5,46362,36136.37,2025-12-02
764,2497,Phone,Electronics,West,1,18716,9669.01,2025-05-18
765,1808,Printer,Office,South,4,25000,19436.73,2025-08-18
766,2012,Mouse,Accessories,North,5,16634,10876.87,2026-01-23
767,2509,Mouse,Accessories,East,5,39863,28625.16,2026-02-09
768,3557,Monitor,Electronics,South,5,39009,25622.55,2025-12-16
769,1974,Monitor,Electronics,North,1,32072,25412.75,2026-03-09
770,2844,Monitor,Electronics,North,5,49016,32115.79,2025-10-13
771,3349,Keyboard,Accessories,North,1,35200,29996.91,2026-03-23
772,2629,Printer,Office,North,1,24563,16018.32,2026-01-30
773,3193,Printer,Office,North,4,947,700.05,2026-04-15
774,3461,Phone,Electronics,East,2,3180,2757.59,2025-08-01
775,4174,Mouse,Accessories,West,5,21143,15880.72,2025-06-09
776,3327,Mouse,Accessories,East,5,8281,4478.95,2026-04-03
777,2834,Printer,Office,North,5,12321,9018.17,2025-10-11
778,3776,Keyboard,Accessories,West,1,36943,21384.2,2026-03-17
779,2876,Monitor,Electronics,South,1,11007,5563.08,2025-11-20
780,1750,Keyboard,Accessories,South,2,47550,31019.5,2026-01-27
781,1631,Phone,Electronics,South,3,23387,18139.61,2026-04-23
782,3912,Keyboard,Accessories,West,3,26653,23261.61,2026-04-21
783,4942,Laptop,Electronics,South,5,27361,21212.78,2026-02-18
784,1230,Monitor,Electronics,South,3,24441,19133.99,2026-01-20
785,3232,Keyboard,Accessories,West,2,12527,6485.87,2025-11-12
786,3670,Mouse,Accessories,East,5,35465,31223.65,2026-03-23
787,3988,Mouse,Accessories,North,3,48642,25296.22,2026-02-25
788,3058,Phone,Electronics,East,1,30009,25774.36,2025-06-08
789,3987,Monitor,Electronics,North,3,25369,20235.62,2025-10-07
790,1764,Printer,Office,North,1,16444,8520.59,2025-05-31
791,2042,Mouse,Accessories,North,1,32959,18066.86,2026-01-22
792,1081,Mouse,Accessories,South,5,8430,5781.36,2025-05-10
793,2358,Phone,Electronics,South,2,5170,3317.86,2025-09-17
794,3636,Keyboard,Accessories,South,2,23065,13098.09,2025-10-31
795,1293,Phone,Electronics,East,3,16392,13204.22,2026-03-13
796,1440,Monitor,Electronics,East,1,30030,25731.34,2025-12-28
797,3494,Phone,Electronics,West,2,28162,17135.34,2026-04-30
798,3204,Monitor,Electronics,South,2,6410,3906.6,2025-11-07
799,1478,Laptop,Electronics,West,2,40868,26739.33,2025-08-29
800,3039,Phone,Electronics,West,4,26112,18651.73,2025-11-05
801,4633,Mouse,Accessories,North,1,24755,16750.11,2025-08-26
802,2696,Monitor,Electronics,East,2,23256,15206.08,2025-05-20
803,4829,Laptop,Electronics,East,5,39290,31002.13,2026-03-29
804,1694,Printer,Office,North,1,42871,34296.41,2026-04-05
805,2479,Monitor,Electronics,North,2,21332,14143.95,2026-03-07
806,4883,Laptop,Electronics,North,4,6239,4984.21,2026-05-05
807,1458,Mouse,Accessories,South,2,37731,28789.06,2026-04-04
808,2089,Monitor,Electronics,West,1,19516,11379.84,2026-03-30
809,4214,Mouse,Accessories,West,5,13128,11153.59,2025-06-24
810,4536,Keyboard,Accessories,East,1,6256,4170.56,2025-12-11
811,1909,Keyboard,Accessories,South,5,15189,11996.37,2025-06-13
812,4451,Phone,Electronics,West,1,10095,6364.22,2025-07-30
813,4066,Keyboard,Accessories,South,4,39401,19720.53,2026-04-16
814,1610,Monitor,Electronics,West,2,20258,14093.61,2025-08-17
815,2402,Mouse,Accessories,North,1,28772,22274.09,2026-01-09
816,1861,Monitor,Electronics,North,4,45616,36192.28,2025-06-06
817,3994,Monitor,Electronics,North,2,47944,36263.12,2025-07-10
818,4371,Laptop,Electronics,East,2,30493,25691.2,2026-02-26
819,3770,Printer,Office,South,1,36474,20633.53,2025-06-26
820,4057,Keyboard,Accessories,East,5,27523,14529.14,2025-12-31
821,1803,Laptop,Electronics,North,2,28255,16068.02,2026-04-30
822,1149,Keyboard,Accessories,West,2,48195,42201.23,2026-04-05
823,2764,Mouse,Accessories,South,5,35150,27393.33,2025-11-16
824,3470,Printer,Office,East,3,36142,21958.77,2025-09-28
825,3769,Keyboard,Accessories,South,1,35760,25962.9,2025-10-02
826,1727,Laptop,Electronics,North,3,46556,37251.57,2025-06-23
827,4111,Monitor,Electronics,North,1,28765,14665.37,2026-01-12
828,2147,Keyboard,Accessories,West,1,34356,21365.84,2026-02-12
829,2587,Monitor,Electronics,South,3,31808,23528.85,2025-06-08
830,1548,Printer,Office,East,2,29460,22860.08,2025-12-22
831,3660,Keyboard,Accessories,East,4,17121,9459.28,2026-03-22
832,3871,Printer,Office,North,2,29115,25037.67,2025-10-23
833,2911,Laptop,Electronics,West,4,46628,37936.54,2025-08-04
834,3675,Printer,Office,North,5,41022,26034.58,2026-01-28
835,1527,Laptop,Electronics,South,2,4577,3209.08,2026-04-02
836,4870,Phone,Electronics,South,5,39644,26474.48,2026-04-02
837,4380,Laptop,Electronics,South,3,32756,24281.9,2026-04-25
838,3748,Mouse,Accessories,West,3,37420,30973.4,2025-06-13
839,3408,Laptop,Electronics,South,2,27133,14098.2,2026-03-21
840,2479,Keyboard,Accessories,West,3,19827,13747.46,2026-01-09
841,1983,Laptop,Electronics,North,5,34386,26478.64,2026-02-06
842,1363,Phone,Electronics,South,2,48012,41120.19,2026-01-25
843,4967,Laptop,Electronics,West,2,3170,2179.21,2025-12-23
844,3111,Monitor,Electronics,North,4,6639,3789.26,2025-05-28
845,2478,Monitor,Electronics,North,4,45298,32725.24,2025-10-20
846,3867,Printer,Office,South,4,16337,12329.88,2025-08-06
847,4731,Printer,Office,East,3,18921,12829.45,2025-07-29
848,4685,Printer,Office,East,5,7458,4175.82,2025-09-12
849,3610,Mouse,Accessories,West,1,22200,14859.99,2026-04-23
850,4806,Monitor,Electronics,South,1,19822,16024.9,2026-02-04
851,2240,Printer,Office,South,3,41362,27377.64,2025-09-01
852,1749,Phone,Electronics,North,3,19407,15284.1,2025-10-31
853,4855,Mouse,Accessories,East,2,44384,33022.62,2025-12-05
854,3170,Printer,Office,East,4,41317,24229.96,2026-01-26
855,4137,Monitor,Electronics,North,1,24940,14244.82,2025-08-21
856,3268,Printer,Office,North,5,9685,5194.26,2025-11-13
857,1980,Printer,Office,North,3,8126,6884.82,2025-08-21
858,4933,Laptop,Electronics,South,3,2819,1564.47,2025-08-18
859,4559,Phone,Electronics,South,3,46423,29992.27,2025-08-14
860,1585,Laptop,Electronics,East,1,30989,17735.09,2025-08-20
861,2641,Monitor,Electronics,East,3,43134,37614.24,2025-05-08
862,3850,Mouse,Accessories,South,1,31240,27463.33,2026-01-14
863,2061,Keyboard,Accessories,East,3,23061,18597.97,2026-04-24
864,2379,Monitor,Electronics,East,5,28759,19551.53,2026-01-27
865,4332,Phone,Electronics,South,5,38573,23760.7,2025-07-28
866,2811,Phone,Electronics,West,1,9425,7032.37,2026-01-03
867,3586,Laptop,Electronics,South,2,17547,9650.74,2025-09-14
868,4608,Monitor,Electronics,West,3,31791,26986.3,2026-03-08
869,4589,Laptop,Electronics,South,4,2619,2239.74,2025-07-09
870,2622,Keyboard,Accessories,East,2,33396,21263.04,2025-11-04
871,4976,Laptop,Electronics,North,4,16110,10112.51,2025-07-12
872,4698,Laptop,Electronics,North,3,12512,6610.51,2025-08-14
873,4886,Printer,Office,West,4,38452,32215.81,2025-08-26
874,1781,Laptop,Electronics,West,4,29272,17123.68,2026-01-17
875,3146,Phone,Electronics,North,1,9427,4974.36,2025-05-24
876,3708,Mouse,Accessories,East,2,15325,8709.59,2025-05-11
877,3247,Mouse,Accessories,East,3,11812,8748.76,2025-07-03
878,4476,Monitor,Electronics,North,2,14011,7529.83,2026-01-10
879,2522,Monitor,Electronics,South,1,21165,19006.28,2025-09-30
880,1847,Phone,Electronics,South,2,37305,25531.24,2025-09-29
881,1232,Printer,Office,East,3,4785,2556.38,2026-04-30
882,2527,Printer,Office,South,5,41730,27290.09,2025-07-24
883,3345,Mouse,Accessories,North,2,15002,11380.66,2026-04-09
884,2429,Laptop,Electronics,West,5,36653,19449.31,2026-01-21
885,4750,Keyboard,Accessories,South,3,32345,26877.31,2026-03-13
886,4981,Monitor,Electronics,North,4,24740,15031.7,2026-03-05
887,1318,Mouse,Accessories,North,2,37913,25800.51,2026-01-09
888,2828,Printer,Office,West,4,28216,20330.43,2025-06-06
889,1934,Phone,Electronics,East,4,43537,37587.22,2025-08-20
890,1491,Keyboard,Accessories,North,3,6532,5790.34,2025-12-12
891,1457,Printer,Office,West,3,6502,4992.77,2025-07-19
892,1653,Keyboard,Accessories,East,2,40077,28853.48,2025-05-19
893,2160,Mouse,Accessories,East,2,32190,25846.01,2025-12-26
894,2604,Printer,Office,South,5,7423,4134.7,2025-10-23
895,3319,Phone,Electronics,South,3,6890,3768.14,2026-02-15
896,4115,Monitor,Electronics,South,1,22951,13499.82,2025-10-26
897,3686,Printer,Office,West,4,3170,1702.5,2026-02-09
898,2568,Laptop,Electronics,West,5,11737,7712.16,2025-10-24
899,3173,Mouse,Accessories,North,2,39419,23852.61,2025-11-20
900,3346,Phone,Electronics,South,2,19591,15852.16,2026-04-11
901,2210,Laptop,Electronics,North,5,40308,31391.2,2026-04-06
902,2239,Phone,Electronics,South,1,15381,12730.23,2026-04-19
903,3974,Printer,Office,South,2,15079,8901.95,2025-10-28
904,4272,Mouse,Accessories,South,2,48746,29526.11,2025-06-18
905,2897,Monitor,Electronics,East,3,21938,13194.06,2025-12-16
906,3861,Printer,Office,South,2,33818,22065.54,2026-01-31
907,1261,Printer,Office,East,4,27842,15136.06,2025-11-08
908,4516,Mouse,Accessories,East,3,35619,19327.99,2025-06-18
909,3337,Laptop,Electronics,East,4,46378,23989.32,2026-04-17
910,1119,Mouse,Accessories,North,3,35574,28051.24,2025-08-12
911,1535,Phone,Electronics,West,5,4412,2873.33,2025-05-07
912,4825,Laptop,Electronics,South,1,32296,24768.47,2025-11-28
913,4121,Phone,Electronics,North,5,8550,7272.33,2026-02-15
914,1699,Laptop,Electronics,South,3,17028,13314.1,2026-01-23
915,4967,Monitor,Electronics,East,1,48462,39852.96,2025-09-10
916,4700,Printer,Office,North,2,779,440.3,2025-06-08
917,3460,Keyboard,Accessories,East,5,35641,23532.0,2025-09-04
918,3921,Monitor,Electronics,North,1,45717,37677.29,2026-01-30
919,2286,Monitor,Electronics,East,4,17924,15731.48,2025-10-22
920,1566,Mouse,Accessories,East,5,4367,3509.04,2026-04-27
921,4643,Keyboard,Accessories,East,4,45847,26591.93,2026-02-26
922,1457,Printer,Office,North,4,14578,9070.25,2025-06-27
923,3996,Mouse,Accessories,North,3,41935,28860.28,2026-01-10
924,2367,Monitor,Electronics,North,3,8747,7395.39,2025-10-16
925,2851,Monitor,Electronics,East,4,24357,17789.49,2026-04-06
926,4085,Laptop,Electronics,East,1,14764,10550.43,2025-06-03
927,1326,Printer,Office,West,2,28836,20744.24,2026-01-14
928,1287,Printer,Office,West,2,14517,10891.04,2025-09-01
929,2768,Keyboard,Accessories,North,1,10150,6728.51,2026-03-02
930,3352,Phone,Electronics,East,1,1272,801.51,2025-06-01
931,4832,Laptop,Electronics,North,3,16692,9559.02,2025-11-21
932,4754,Phone,Electronics,South,1,46144,34810.95,2025-05-06
933,3409,Monitor,Electronics,East,5,14915,7511.82,2026-01-21
934,3449,Phone,Electronics,North,3,42270,25617.01,2025-08-10
935,3398,Monitor,Electronics,South,5,13460,7304.5,2025-07-26
936,2671,Mouse,Accessories,South,2,8304,4823.63,2026-03-11
937,2055,Printer,Office,East,1,44945,27063.43,2025-12-26
938,4898,Monitor,Electronics,East,5,9931,7660.05,2025-12-24
939,1866,Monitor,Electronics,West,3,38921,22043.14,2025-12-02
940,3414,Phone,Electronics,North,3,5912,4113.41,2025-07-16
941,3229,Printer,Office,North,2,13393,7823.15,2025-06-15
942,1505,Printer,Office,North,5,16078,10589.57,2025-07-13
943,3824,Laptop,Electronics,North,4,25872,22439.63,2025-11-12
944,2943,Phone,Electronics,West,3,41245,36623.89,2025-09-04
945,1045,Monitor,Electronics,East,3,10317,5671.25,2025-05-16
946,1262,Monitor,Electronics,South,3,5778,3884.38,2025-10-25
947,2282,Phone,Electronics,South,5,41351,26998.27,2026-02-24
948,4891,Phone,Electronics,South,4,16119,12553.72,2026-03-03
949,2967,Laptop,Electronics,South,1,46730,35961.39,2026-05-04
950,1682,Printer,Office,East,1,17334,11530.33,2025-09-06
951,4806,Monitor,Electronics,South,3,2798,2095.87,2026-02-28
952,2113,Mouse,Accessories,West,2,32637,21337.57,2025-09-14
953,4238,Mouse,Accessories,North,1,48304,26982.16,2025-06-03
954,2827,Keyboard,Accessories,West,5,11055,6961.5,2026-04-06
955,1704,Monitor,Electronics,South,1,48813,25155.42,2026-01-03
956,4100,Laptop,Electronics,North,5,25138,22095.0,2026-02-05
957,2356,Monitor,Electronics,South,5,39298,21030.18,2026-04-12
958,3161,Mouse,Accessories,South,2,43280,24526.59,2026-04-21
959,3718,Laptop,Electronics,West,1,37099,33082.78,2026-04-04
960,3712,Phone,Electronics,South,4,17168,12289.64,2026-02-28
961,1538,Mouse,Accessories,East,2,4176,3181.32,2026-01-20
962,4390,Phone,Electronics,West,5,38012,24201.05,2026-03-01
963,3869,Monitor,Electronics,East,5,34707,23017.13,2025-12-26
964,2210,Printer,Office,North,2,16201,9282.92,2026-04-30
965,4208,Printer,Office,North,4,18015,15975.7,2025-10-23
966,3084,Laptop,Electronics,South,3,43631,29110.37,2025-12-27
967,1839,Keyboard,Accessories,South,3,25856,17462.43,2025-10-23
968,3604,Phone,Electronics,West,1,28607,22984.82,2026-03-12
969,3838,Keyboard,Accessories,East,4,25562,20258.61,2025-09-07
970,3523,Printer,Office,South,2,5714,3542.89,2025-12-11
971,3911,Laptop,Electronics,North,1,32351,17024.45,2025-06-06
972,1807,Laptop,Electronics,East,5,34040,22338.36,2025-10-18
973,4111,Printer,Office,East,4,11056,7720.76,2026-02-21
974,1414,Phone,Electronics,East,5,20975,17641.57,2025-09-26
975,2386,Printer,Office,East,2,36902,29769.88,2026-01-25
976,1340,Mouse,Accessories,North,1,27548,15544.86,2025-12-25
977,4619,Printer,Office,East,3,26275,22838.53,2025-05-10
978,1949,Laptop,Electronics,West,5,36583,23321.24,2025-06-24
979,3602,Phone,Electronics,East,1,2190,1531.73,2026-03-27
980,3898,Monitor,Electronics,East,5,9605,5240.46,2026-02-13
981,4018,Mouse,Accessories,West,3,4876,4034.01,2025-09-23
982,3986,Keyboard,Accessories,North,3,45610,24912.66,2025-12-12
983,2488,Phone,Electronics,South,1,2765,1519.23,2026-01-27
984,2552,Laptop,Electronics,West,1,24460,18857.94,2026-03-26
985,2778,Laptop,Electronics,East,5,3694,2718.13,2025-08-14
986,1900,Mouse,Accessories,South,1,1116,593.67,2025-08-31
987,2264,Keyboard,Accessories,North,2,10291,7943.31,2025-05-11
988,2671,Monitor,Electronics,East,1,19836,11058.56,2025-11-15
989,4318,Printer,Office,North,2,6344,5309.86,2026-05-04
990,1210,Laptop,Electronics,North,1,9015,4978.96,2025-08-30
991,3412,Monitor,Electronics,North,5,29938,24020.2,2026-01-15
992,3818,Mouse,Accessories,North,2,37781,26730.83,2025-05-15
993,1971,Printer,Office,East,1,29765,22516.47,2026-01-12
994,3138,Phone,Electronics,North,1,21748,18165.34,2026-03-07
995,3344,Keyboard,Accessories,East,2,5742,3752.36,2025-05-14
996,3667,Monitor,Electronics,West,4,44690,36681.59,2025-06-27
997,4699,Keyboard,Accessories,East,3,28259,15125.72,2025-05-16
998,3025,Phone,Electronics,West,2,8158,6634.33,2025-09-03
999,1342,Printer,Office,South,1,32855,23719.57,2025-10-28
1000,3406,Printer,Office,East,4,12337,8044.44,2026-03-09
